city,date,forecast_high,actual_high,error
NY,2025-05-28,69.1,66.6,2.5
NY,2025-05-29,66.4,70.3,-3.9
NY,2025-05-30,75.3,73.7,1.6
NY,2025-05-31,67.5,66.7,0.8
NY,2025-06-01,68.1,65.3,2.8
NY,2025-06-02,74.3,70.0,4.3
NY,2025-06-03,82.3,79.2,3.1
NY,2025-06-04,85.4,85.0,0.4
NY,2025-06-05,90.5,94.1,-3.6
NY,2025-06-06,86.0,88.6,-2.6
NY,2025-06-07,75.6,80.0,-4.4
NY,2025-06-08,76.1,75.0,1.1
NY,2025-06-09,63.9,69.4,-5.5
NY,2025-06-10,74.9,77.4,-2.5
NY,2025-06-11,84.5,82.4,2.1
NY,2025-06-12,90.7,89.2,1.5
NY,2025-06-13,80.3,85.3,-5.0
NY,2025-06-14,68.3,69.5,-1.2
NY,2025-06-15,64.2,66.8,-2.6
NY,2025-06-16,67.8,68.3,-0.5
NY,2025-06-17,67.6,70.5,-2.9
NY,2025-06-18,85.7,83.0,2.7
NY,2025-06-19,90.8,88.1,2.7
NY,2025-06-20,84.3,82.0,2.3
NY,2025-06-21,89.3,89.7,-0.4
NY,2025-06-22,89.3,91.7,-2.4
NY,2025-06-23,98.1,102.5,-4.4
NY,2025-06-24,102.2,102.7,-0.5
NY,2025-06-25,98.3,99.1,-0.8
NY,2025-06-26,87.0,86.5,0.5
NY,2025-06-27,74.3,72.8,1.5
NY,2025-06-28,85.4,86.2,-0.8
NY,2025-06-29,91.4,88.6,2.8
NY,2025-06-30,91.7,94.4,-2.7
NY,2025-07-01,92.4,90.1,2.3
NY,2025-07-02,84.5,85.2,-0.7
NY,2025-07-03,92.3,87.5,4.8
NY,2025-07-04,85.4,82.2,3.2
NY,2025-07-05,87.9,90.0,-2.1
NY,2025-07-06,90.7,93.7,-3.0
NY,2025-07-07,86.4,88.9,-2.5
NY,2025-07-08,96.9,95.6,1.3
NY,2025-07-09,93.0,88.5,4.5
NY,2025-07-10,85.2,81.0,4.2
NY,2025-07-11,84.9,84.3,0.6
NY,2025-07-12,85.8,86.8,-1.0
NY,2025-07-13,83.1,84.8,-1.7
NY,2025-07-14,88.5,88.3,0.2
NY,2025-07-15,86.5,84.7,1.8
NY,2025-07-16,91.7,87.2,4.5
NY,2025-07-17,93.2,91.4,1.8
NY,2025-07-18,85.9,85.6,0.3
NY,2025-07-19,82.7,83.9,-1.2
NY,2025-07-20,89.8,92.3,-2.5
NY,2025-07-21,86.7,88.2,-1.5
NY,2025-07-22,80.5,83.2,-2.7
NY,2025-07-23,82.2,84.2,-2.0
NY,2025-07-24,86.6,88.3,-1.7
NY,2025-07-25,96.4,97.1,-0.7
NY,2025-07-26,86.5,88.4,-1.9
NY,2025-07-27,86.1,87.3,-1.2
NY,2025-07-28,94.9,94.3,0.6
NY,2025-07-29,99.1,101.2,-2.1
NY,2025-07-30,97.9,99.8,-1.9
NY,2025-07-31,87.9,87.7,0.2
NY,2025-08-01,73.5,73.3,0.2
NY,2025-08-02,81.0,77.7,3.3
NY,2025-08-03,85.2,82.7,2.5
NY,2025-08-04,90.6,92.0,-1.4
NY,2025-08-05,85.8,86.6,-0.8
NY,2025-08-06,79.0,83.6,-4.6
NY,2025-08-07,80.4,83.0,-2.6
NY,2025-08-08,83.8,83.1,0.7
NY,2025-08-09,85.4,86.9,-1.5
NY,2025-08-10,90.9,92.6,-1.7
NY,2025-08-11,89.4,90.6,-1.2
NY,2025-08-12,92.4,92.9,-0.5
NY,2025-08-13,90.3,90.7,-0.4
NY,2025-08-14,89.9,87.7,2.2
NY,2025-08-15,89.6,90.7,-1.1
NY,2025-08-16,84.2,87.4,-3.2
NY,2025-08-17,91.4,95.6,-4.2
NY,2025-08-18,76.2,75.4,0.8
NY,2025-08-19,77.9,76.2,1.7
NY,2025-08-20,69.0,72.3,-3.3
NY,2025-08-21,73.3,70.9,2.4
NY,2025-08-22,84.3,80.3,4.0
NY,2025-08-23,83.2,82.7,0.5
NY,2025-08-24,79.8,79.5,0.3
NY,2025-08-25,87.2,88.5,-1.3
NY,2025-08-26,80.3,80.9,-0.6
NY,2025-08-27,75.4,76.8,-1.4
NY,2025-08-28,78.9,80.6,-1.7
NY,2025-08-29,77.8,81.2,-3.4
NY,2025-08-30,76.1,78.0,-1.9
NY,2025-08-31,79.1,81.1,-2.0
NY,2025-09-01,77.1,78.8,-1.7
NY,2025-09-02,78.2,80.4,-2.2
NY,2025-09-03,78.7,80.6,-1.9
NY,2025-09-04,78.2,77.8,0.4
NY,2025-09-05,83.3,83.0,0.3
NY,2025-09-06,86.1,86.3,-0.2
NY,2025-09-07,68.5,69.2,-0.7
NY,2025-09-08,74.2,70.7,3.5
NY,2025-09-09,72.6,71.1,1.5
NY,2025-09-10,73.6,69.1,4.5
NY,2025-09-11,80.0,79.6,0.4
NY,2025-09-12,78.8,80.3,-1.5
NY,2025-09-13,78.0,80.6,-2.6
NY,2025-09-14,82.4,85.0,-2.6
NY,2025-09-15,80.1,82.3,-2.2
NY,2025-09-16,73.2,75.7,-2.5
NY,2025-09-17,69.0,70.7,-1.7
NY,2025-09-18,86.0,80.5,5.5
NY,2025-09-19,84.2,81.9,2.3
NY,2025-09-20,73.5,73.7,-0.2
NY,2025-09-21,70.6,72.1,-1.5
NY,2025-09-22,72.0,72.9,-0.9
NY,2025-09-23,83.7,84.5,-0.8
NY,2025-09-24,78.7,79.1,-0.4
NY,2025-09-25,76.5,74.9,1.6
NY,2025-09-26,81.7,79.2,2.5
NY,2025-09-27,79.8,75.7,4.1
NY,2025-09-28,85.1,82.2,2.9
NY,2025-09-29,77.2,75.0,2.2
NY,2025-09-30,80.7,77.7,3.0
NY,2025-10-01,70.0,68.5,1.5
NY,2025-10-02,66.1,66.2,-0.1
NY,2025-10-03,73.0,72.1,0.9
NY,2025-10-04,83.2,81.6,1.6
NY,2025-10-05,85.2,85.3,-0.1
NY,2025-10-06,80.2,81.1,-0.9
NY,2025-10-07,79.6,81.0,-1.4
NY,2025-10-08,70.7,71.2,-0.5
NY,2025-10-09,59.0,58.5,0.5
NY,2025-10-10,62.6,61.3,1.3
NY,2025-10-11,64.3,66.0,-1.7
NY,2025-10-12,61.6,61.8,-0.2
NY,2025-10-13,57.0,58.3,-1.3
NY,2025-10-14,60.6,60.8,-0.2
NY,2025-10-15,68.5,67.6,0.9
NY,2025-10-16,61.8,59.4,2.4
NY,2025-10-17,65.1,62.6,2.5
NY,2025-10-18,65.8,63.6,2.2
NY,2025-10-19,71.4,69.4,2.0
NY,2025-10-20,67.8,67.8,0.0
NY,2025-10-21,67.8,66.5,1.3
NY,2025-10-22,62.9,61.9,1.0
NY,2025-10-23,60.4,58.7,1.7
NY,2025-10-24,60.2,59.1,1.1
NY,2025-10-25,59.5,57.9,1.6
NY,2025-10-26,59.1,58.0,1.1
NY,2025-10-27,55.9,55.2,0.7
NY,2025-10-28,53.8,54.8,-1.0
NY,2025-10-29,54.7,57.5,-2.8
NY,2025-10-30,63.0,61.2,1.8
NY,2025-10-31,59.2,58.9,0.3
NY,2025-11-01,59.1,57.8,1.3
NY,2025-11-02,61.1,58.5,2.6
NY,2025-11-03,59.5,56.9,2.6
NY,2025-11-04,60.2,58.4,1.8
NY,2025-11-05,65.3,64.0,1.3
NY,2025-11-06,59.2,56.4,2.8
NY,2025-11-07,59.6,59.0,0.6
NY,2025-11-08,67.1,64.7,2.4
NY,2025-11-09,63.6,61.2,2.4
NY,2025-11-10,59.0,56.5,2.5
NY,2025-11-11,40.2,39.8,0.4
NY,2025-11-12,49.7,48.1,1.6
NY,2025-11-13,51.0,50.6,0.4
NY,2025-11-14,51.2,49.8,1.4
NY,2025-11-15,49.8,47.2,2.6
NY,2025-11-16,56.1,54.9,1.2
NY,2025-11-17,44.8,42.8,2.0
NY,2025-11-18,46.8,45.8,1.0
NY,2025-11-19,46.1,46.8,-0.7
NY,2025-11-20,48.4,45.9,2.5
NY,2025-11-21,52.9,51.3,1.6
NY,2025-11-22,50.7,51.4,-0.7
NY,2025-11-23,49.3,45.4,3.9
NY,2025-11-24,53.3,52.2,1.1
NY,2025-11-25,55.0,54.6,0.4
NY,2025-11-26,58.6,59.4,-0.8
NY,2025-11-27,50.0,50.5,-0.5
NY,2025-11-28,43.0,42.1,0.9
NY,2025-11-29,43.1,42.3,0.8
NY,2025-11-30,44.0,40.7,3.3
NY,2025-12-01,43.8,42.9,0.9
NY,2025-12-02,39.1,37.3,1.8
NY,2025-12-03,41.1,39.6,1.5
NY,2025-12-04,42.6,41.6,1.0
NY,2025-12-05,30.7,30.0,0.7
NY,2025-12-06,42.3,40.1,2.2
NY,2025-12-07,42.1,40.8,1.3
NY,2025-12-08,37.4,35.4,2.0
NY,2025-12-09,33.3,31.3,2.0
NY,2025-12-10,46.8,43.1,3.7
NY,2025-12-11,39.7,39.0,0.7
NY,2025-12-12,35.5,34.5,1.0
NY,2025-12-13,41.2,38.2,3.0
NY,2025-12-14,34.5,32.8,1.7
NY,2025-12-15,29.5,26.8,2.7
NY,2025-12-16,32.2,28.0,4.2
NY,2025-12-17,47.5,40.3,7.2
NY,2025-12-18,50.7,43.5,7.2
NY,2025-12-19,56.6,57.3,-0.7
NY,2025-12-20,38.3,36.6,1.7
NY,2025-12-21,47.4,45.8,1.6
NY,2025-12-22,39.7,37.4,2.3
NY,2025-12-23,38.0,36.8,1.2
NY,2025-12-24,46.2,45.0,1.2
NY,2025-12-25,49.5,46.6,2.9
NY,2025-12-26,28.8,27.0,1.8
NY,2025-12-27,29.7,30.6,-0.9
NY,2025-12-28,34.1,33.6,0.5
NY,2025-12-29,46.4,45.0,1.4
NY,2025-12-30,33.2,31.5,1.7
NY,2025-12-31,32.9,31.8,1.1
NY,2026-01-01,33.1,33.1,0.0
NY,2026-01-02,30.2,29.0,1.2
NY,2026-01-03,30.5,30.6,-0.1
NY,2026-01-04,34.8,33.6,1.2
NY,2026-01-05,36.4,33.6,2.8
NY,2026-01-06,41.1,38.7,2.4
NY,2026-01-07,49.1,48.1,1.0
NY,2026-01-08,51.6,49.8,1.8
NY,2026-01-09,51.9,51.1,0.8
NY,2026-01-10,51.8,47.8,4.0
NY,2026-01-11,47.0,46.8,0.2
NY,2026-01-12,42.0,40.4,1.6
NY,2026-01-13,47.5,45.0,2.5
NY,2026-01-14,51.2,48.7,2.5
NY,2026-01-15,44.7,43.8,0.9
NY,2026-01-16,33.5,32.1,1.4
NY,2026-01-17,38.0,35.3,2.7
NY,2026-01-18,33.3,33.1,0.2
NY,2026-01-19,30.8,29.5,1.3
NY,2026-01-20,25.6,23.9,1.7
NY,2026-01-21,35.2,33.9,1.3
NY,2026-01-22,48.9,43.7,5.2
NY,2026-01-23,39.5,36.0,3.5
NY,2026-01-24,18.6,18.4,0.2
NY,2026-01-25,20.7,22.7,-2.0
NY,2026-01-26,26.5,26.4,0.1
NY,2026-01-27,20.3,18.8,1.5
NY,2026-01-28,23.6,20.0,3.6
NY,2026-01-29,22.9,18.0,4.9
NY,2026-01-30,18.7,15.5,3.2
NY,2026-01-31,23.3,19.8,3.5
NY,2026-02-01,23.1,20.6,2.5
NY,2026-02-02,33.7,30.6,3.1
NY,2026-02-03,32.6,30.3,2.3
NY,2026-02-04,32.7,30.3,2.4
NY,2026-02-05,32.0,27.2,4.8
NY,2026-02-06,31.4,27.7,3.7
NY,2026-02-07,25.5,25.4,0.1
NY,2026-02-08,18.5,13.7,4.8
NY,2026-02-09,29.9,25.2,4.7
NY,2026-02-10,35.0,31.4,3.6
NY,2026-02-11,41.0,37.8,3.2
NY,2026-02-12,37.2,33.4,3.8
NY,2026-02-13,39.4,33.6,5.8
NY,2026-02-14,46.9,38.5,8.4
NY,2026-02-15,38.9,36.3,2.6
NY,2026-02-16,39.1,35.7,3.4
NY,2026-02-17,46.5,42.3,4.2
NY,2026-02-18,38.8,38.1,0.7
NY,2026-02-19,39.8,37.8,2.0
NY,2026-02-20,35.8,38.3,-2.5
NY,2026-02-21,45.6,46.4,-0.8
NY,2026-02-22,40.2,36.5,3.7
NY,2026-02-23,34.0,34.9,-0.9
NY,2026-02-24,30.1,29.4,0.7
NY,2026-02-25,40.1,36.5,3.6
NY,2026-02-26,43.5,39.8,3.7
NY,2026-02-27,41.1,34.2,6.9
NY,2026-02-28,52.7,37.3,15.4
NY,2026-03-01,42.8,37.8,5.0
NY,2026-03-02,35.4,28.3,7.1
NY,2026-03-03,33.6,33.7,-0.1
NY,2026-03-04,49.0,45.3,3.7
NY,2026-03-05,44.0,41.4,2.6
NY,2026-03-06,40.2,42.3,-2.1
NY,2026-03-07,46.5,49.4,-2.9
NY,2026-03-08,68.1,68.4,-0.3
NY,2026-03-09,73.4,68.9,4.5
NY,2026-03-10,79.2,75.9,3.3
NY,2026-03-11,72.3,73.2,-0.9
NY,2026-03-12,56.7,63.3,-6.6
NY,2026-03-13,42.0,41.5,0.5
NY,2026-03-14,52.1,50.0,2.1
NY,2026-03-15,44.7,44.5,0.2
NY,2026-03-16,59.0,62.8,-3.8
NY,2026-03-17,54.1,56.2,-2.1
NY,2026-03-18,37.3,36.0,1.3
NY,2026-03-19,40.7,40.7,0.0
NY,2026-03-20,56.9,54.1,2.8
NY,2026-03-21,58.3,56.8,1.5
NY,2026-03-22,58.9,61.2,-2.3
NY,2026-03-23,49.6,50.0,-0.4
NY,2026-03-24,49.2,46.8,2.4
NY,2026-03-25,53.5,51.5,2.0
NY,2026-03-26,76.0,71.7,4.3
NY,2026-03-27,67.3,63.2,4.1
NY,2026-03-28,43.7,42.3,1.4
NY,2026-03-29,54.0,53.9,0.1
NY,2026-03-30,72.8,69.1,3.7
NY,2026-03-31,80.6,78.9,1.7
NY,2026-04-01,79.8,77.4,2.4
NY,2026-04-02,54.7,53.7,1.0
NY,2026-04-03,66.5,69.4,-2.9
NY,2026-04-04,70.5,70.1,0.4
NY,2026-04-05,56.0,59.8,-3.8
NY,2026-04-06,55.3,54.5,0.8
NY,2026-04-07,55.5,52.3,3.2
NY,2026-04-08,49.9,48.7,1.2
NY,2026-04-09,50.0,49.9,0.1
NY,2026-04-10,62.1,63.4,-1.3
NY,2026-04-11,63.3,62.8,0.5
NY,2026-04-12,55.5,55.8,-0.3
NY,2026-04-13,80.8,78.7,2.1
NY,2026-04-14,86.9,87.1,-0.2
NY,2026-04-15,89.7,89.6,0.1
NY,2026-04-16,88.8,89.9,-1.1
NY,2026-04-17,78.8,79.0,-0.2
NY,2026-04-18,64.4,68.2,-3.8
NY,2026-04-19,51.0,52.7,-1.7
NY,2026-04-20,51.0,50.4,0.6
NY,2026-04-21,53.3,52.7,0.6
NY,2026-04-22,52.9,54.1,-1.2
NY,2026-04-23,74.4,72.2,2.2
NY,2026-04-24,68.6,69.6,-1.0
NY,2026-04-25,49.0,50.2,-1.2
NY,2026-04-26,58.1,55.8,2.3
NY,2026-04-27,68.8,66.9,1.9
NY,2026-04-28,65.6,64.4,1.2
NY,2026-04-29,62.9,62.9,0.0
NY,2026-04-30,59.9,59.8,0.1
NY,2026-05-01,65.4,64.9,0.5
NY,2026-05-02,61.6,59.3,2.3
NY,2026-05-03,60.7,57.7,3.0
NY,2026-05-04,74.5,75.5,-1.0
NY,2026-05-05,84.8,84.4,0.4
NY,2026-05-06,69.7,72.7,-3.0
NY,2026-05-07,65.2,66.4,-1.2
NY,2026-05-08,62.4,64.7,-2.3
NY,2026-05-09,64.4,65.3,-0.9
NY,2026-05-10,73.7,74.8,-1.1
NY,2026-05-11,61.9,62.7,-0.8
NY,2026-05-12,67.8,68.2,-0.4
NY,2026-05-13,73.4,76.5,-3.1
NY,2026-05-14,66.4,66.3,0.1
NY,2026-05-15,66.6,66.8,-0.2
NY,2026-05-16,79.8,82.9,-3.1
NY,2026-05-17,89.7,90.5,-0.8
NY,2026-05-18,87.6,90.2,-2.6
NY,2026-05-19,94.3,96.5,-2.2
NY,2026-05-20,93.1,92.7,0.4
NY,2026-05-21,67.0,69.9,-2.9
NY,2026-05-22,68.2,69.1,-0.9
NY,2026-05-23,56.9,57.4,-0.5
NY,2026-05-24,56.9,59.3,-2.4
NY,2026-05-25,75.8,73.6,2.2
NY,2026-05-26,82.3,78.8,3.5
NY,2026-05-27,84.7,81.6,3.1
NY,2026-05-28,74.9,76.5,-1.6
CHI,2025-05-28,59.9,62.4,-2.5
CHI,2025-05-29,71.0,70.8,0.2
CHI,2025-05-30,74.3,76.0,-1.7
CHI,2025-05-31,65.1,63.5,1.6
CHI,2025-06-01,67.8,69.2,-1.4
CHI,2025-06-02,84.0,87.2,-3.2
CHI,2025-06-03,86.2,89.1,-2.9
CHI,2025-06-04,73.8,74.4,-0.6
CHI,2025-06-05,72.2,70.0,2.2
CHI,2025-06-06,76.4,72.5,3.9
CHI,2025-06-07,76.9,73.3,3.6
CHI,2025-06-08,79.8,79.5,0.3
CHI,2025-06-09,70.7,70.8,-0.1
CHI,2025-06-10,78.0,76.4,1.6
CHI,2025-06-11,91.4,91.0,0.4
CHI,2025-06-12,77.6,81.3,-3.7
CHI,2025-06-13,69.9,71.7,-1.8
CHI,2025-06-14,72.5,72.7,-0.2
CHI,2025-06-15,80.3,78.4,1.9
CHI,2025-06-16,86.2,84.7,1.5
CHI,2025-06-17,92.4,90.1,2.3
CHI,2025-06-18,80.5,80.0,0.5
CHI,2025-06-19,82.3,80.2,2.1
CHI,2025-06-20,85.6,81.3,4.3
CHI,2025-06-21,94.3,92.3,2.0
CHI,2025-06-22,94.2,94.2,0.0
CHI,2025-06-23,95.1,95.7,-0.6
CHI,2025-06-24,91.4,94.5,-3.1
CHI,2025-06-25,85.0,82.8,2.2
CHI,2025-06-26,94.1,89.2,4.9
CHI,2025-06-27,87.6,84.1,3.5
CHI,2025-06-28,86.2,84.2,2.0
CHI,2025-06-29,93.4,90.3,3.1
CHI,2025-06-30,90.1,87.5,2.6
CHI,2025-07-01,87.5,87.3,0.2
CHI,2025-07-02,90.3,90.4,-0.1
CHI,2025-07-03,91.9,94.4,-2.5
CHI,2025-07-04,90.6,87.1,3.5
CHI,2025-07-05,93.9,92.8,1.1
CHI,2025-07-06,82.8,83.6,-0.8
CHI,2025-07-07,81.1,76.2,4.9
CHI,2025-07-08,83.4,83.6,-0.2
CHI,2025-07-09,82.0,80.1,1.9
CHI,2025-07-10,84.0,80.7,3.3
CHI,2025-07-11,90.3,87.3,3.0
CHI,2025-07-12,82.7,83.1,-0.4
CHI,2025-07-13,81.6,81.1,0.5
CHI,2025-07-14,87.5,85.6,1.9
CHI,2025-07-15,90.5,91.2,-0.7
CHI,2025-07-16,91.4,91.1,0.3
CHI,2025-07-17,75.3,74.3,1.0
CHI,2025-07-18,80.4,80.7,-0.3
CHI,2025-07-19,81.8,84.0,-2.2
CHI,2025-07-20,75.7,75.3,0.4
CHI,2025-07-21,83.3,80.9,2.4
CHI,2025-07-22,86.5,89.7,-3.2
CHI,2025-07-23,94.1,93.4,0.7
CHI,2025-07-24,93.2,95.3,-2.1
CHI,2025-07-25,83.4,81.9,1.5
CHI,2025-07-26,84.0,83.7,0.3
CHI,2025-07-27,88.3,86.4,1.9
CHI,2025-07-28,92.3,87.9,4.4
CHI,2025-07-29,93.6,91.6,2.0
CHI,2025-07-30,82.0,78.1,3.9
CHI,2025-07-31,77.1,72.1,5.0
CHI,2025-08-01,76.2,73.6,2.6
CHI,2025-08-02,79.3,78.1,1.2
CHI,2025-08-03,80.1,79.2,0.9
CHI,2025-08-04,80.4,81.6,-1.2
CHI,2025-08-05,82.8,83.8,-1.0
CHI,2025-08-06,87.0,90.9,-3.9
CHI,2025-08-07,91.3,90.4,0.9
CHI,2025-08-08,92.1,93.5,-1.4
CHI,2025-08-09,93.7,92.6,1.1
CHI,2025-08-10,89.1,90.2,-1.1
CHI,2025-08-11,88.4,90.0,-1.6
CHI,2025-08-12,83.9,85.4,-1.5
CHI,2025-08-13,83.9,84.9,-1.0
CHI,2025-08-14,82.8,83.0,-0.2
CHI,2025-08-15,90.3,93.9,-3.6
CHI,2025-08-16,93.5,95.3,-1.8
CHI,2025-08-17,79.7,79.7,0.0
CHI,2025-08-18,86.9,86.4,0.5
CHI,2025-08-19,75.9,78.4,-2.5
CHI,2025-08-20,74.8,74.4,0.4
CHI,2025-08-21,76.3,74.7,1.6
CHI,2025-08-22,80.7,81.1,-0.4
CHI,2025-08-23,84.7,81.9,2.8
CHI,2025-08-24,73.2,74.5,-1.3
CHI,2025-08-25,70.0,69.5,0.5
CHI,2025-08-26,75.1,71.7,3.4
CHI,2025-08-27,76.5,77.6,-1.1
CHI,2025-08-28,75.3,75.5,-0.2
CHI,2025-08-29,70.7,69.5,1.2
CHI,2025-08-30,73.5,69.9,3.6
CHI,2025-08-31,75.4,73.9,1.5
CHI,2025-09-01,77.8,75.0,2.8
CHI,2025-09-02,79.2,79.7,-0.5
CHI,2025-09-03,70.8,69.5,1.3
CHI,2025-09-04,66.2,64.8,1.4
CHI,2025-09-05,66.4,64.7,1.7
CHI,2025-09-06,66.5,64.8,1.7
CHI,2025-09-07,67.4,66.4,1.0
CHI,2025-09-08,72.6,70.0,2.6
CHI,2025-09-09,76.7,73.7,3.0
CHI,2025-09-10,82.8,80.3,2.5
CHI,2025-09-11,77.6,76.9,0.7
CHI,2025-09-12,84.2,84.5,-0.3
CHI,2025-09-13,78.9,80.3,-1.4
CHI,2025-09-14,82.9,78.8,4.1
CHI,2025-09-15,82.3,80.8,1.5
CHI,2025-09-16,82.7,83.5,-0.8
CHI,2025-09-17,83.0,82.7,0.3
CHI,2025-09-18,87.3,86.1,1.2
CHI,2025-09-19,88.6,86.7,1.9
CHI,2025-09-20,78.6,78.0,0.6
CHI,2025-09-21,81.6,75.7,5.9
CHI,2025-09-22,82.1,76.6,5.5
CHI,2025-09-23,75.6,75.3,0.3
CHI,2025-09-24,71.9,68.9,3.0
CHI,2025-09-25,74.9,72.1,2.8
CHI,2025-09-26,84.0,78.8,5.2
CHI,2025-09-27,87.3,83.4,3.9
CHI,2025-09-28,79.5,75.8,3.7
CHI,2025-09-29,89.4,85.6,3.8
CHI,2025-09-30,81.5,80.5,1.0
CHI,2025-10-01,75.3,74.1,1.2
CHI,2025-10-02,84.3,82.7,1.6
CHI,2025-10-03,88.5,88.2,0.3
CHI,2025-10-04,87.5,84.8,2.7
CHI,2025-10-05,84.1,83.8,0.3
CHI,2025-10-06,81.4,82.9,-1.5
CHI,2025-10-07,65.4,65.8,-0.4
CHI,2025-10-08,61.5,62.7,-1.2
CHI,2025-10-09,63.7,61.1,2.6
CHI,2025-10-10,66.8,65.8,1.0
CHI,2025-10-11,64.6,64.0,0.6
CHI,2025-10-12,68.7,66.0,2.7
CHI,2025-10-13,71.1,66.2,4.9
CHI,2025-10-14,68.2,67.6,0.6
CHI,2025-10-15,61.3,59.0,2.3
CHI,2025-10-16,68.8,65.8,3.0
CHI,2025-10-17,74.4,72.9,1.5
CHI,2025-10-18,71.4,73.7,-2.3
CHI,2025-10-19,62.7,60.0,2.7
CHI,2025-10-20,65.9,63.4,2.5
CHI,2025-10-21,59.0,55.5,3.5
CHI,2025-10-22,49.3,49.4,-0.1
CHI,2025-10-23,53.0,51.3,1.7
CHI,2025-10-24,53.6,50.7,2.9
CHI,2025-10-25,54.0,53.2,0.8
CHI,2025-10-26,58.3,55.5,2.8
CHI,2025-10-27,56.4,54.9,1.5
CHI,2025-10-28,58.0,55.8,2.2
CHI,2025-10-29,55.2,54.2,1.0
CHI,2025-10-30,56.6,55.4,1.2
CHI,2025-10-31,52.7,52.3,0.4
CHI,2025-11-01,50.9,50.3,0.6
CHI,2025-11-02,52.9,52.4,0.5
CHI,2025-11-03,61.2,59.1,2.1
CHI,2025-11-04,62.7,60.9,1.8
CHI,2025-11-05,60.7,59.8,0.9
CHI,2025-11-06,58.9,57.3,1.6
CHI,2025-11-07,63.5,62.4,1.1
CHI,2025-11-08,51.1,50.2,0.9
CHI,2025-11-09,39.8,38.4,1.4
CHI,2025-11-10,34.0,31.5,2.5
CHI,2025-11-11,41.4,38.0,3.4
CHI,2025-11-12,54.8,52.6,2.2
CHI,2025-11-13,55.0,52.4,2.6
CHI,2025-11-14,67.5,63.0,4.5
CHI,2025-11-15,69.6,69.4,0.2
CHI,2025-11-16,55.6,51.9,3.7
CHI,2025-11-17,48.3,46.7,1.6
CHI,2025-11-18,43.7,42.4,1.3
CHI,2025-11-19,45.4,45.6,-0.2
CHI,2025-11-20,47.3,48.2,-0.9
CHI,2025-11-21,47.7,46.5,1.2
CHI,2025-11-22,48.1,47.1,1.0
CHI,2025-11-23,55.9,53.0,2.9
CHI,2025-11-24,51.0,49.5,1.5
CHI,2025-11-25,50.9,52.7,-1.8
CHI,2025-11-26,48.7,49.1,-0.4
CHI,2025-11-27,32.9,32.3,0.6
CHI,2025-11-28,31.5,32.0,-0.5
CHI,2025-11-29,29.9,29.1,0.8
CHI,2025-11-30,32.4,32.8,-0.4
CHI,2025-12-01,30.2,26.3,3.9
CHI,2025-12-02,25.3,24.0,1.3
CHI,2025-12-03,29.3,30.0,-0.7
CHI,2025-12-04,20.3,21.5,-1.2
CHI,2025-12-05,28.6,24.5,4.1
CHI,2025-12-06,32.4,30.6,1.8
CHI,2025-12-07,31.9,29.3,2.6
CHI,2025-12-08,26.1,22.4,3.7
CHI,2025-12-09,34.8,36.0,-1.2
CHI,2025-12-10,38.7,38.6,0.1
CHI,2025-12-11,27.6,26.0,1.6
CHI,2025-12-12,31.2,29.9,1.3
CHI,2025-12-13,25.6,25.3,0.3
CHI,2025-12-14,8.3,8.3,0.0
CHI,2025-12-15,20.8,20.3,0.5
CHI,2025-12-16,38.1,35.8,2.3
CHI,2025-12-17,42.2,40.5,1.7
CHI,2025-12-18,50.1,51.6,-1.5
CHI,2025-12-19,23.8,21.9,1.9
CHI,2025-12-20,40.9,40.0,0.9
CHI,2025-12-21,33.9,31.0,2.9
CHI,2025-12-22,45.3,41.1,4.2
CHI,2025-12-23,53.8,48.7,5.1
CHI,2025-12-24,46.8,42.6,4.2
CHI,2025-12-25,43.4,40.9,2.5
CHI,2025-12-26,46.8,47.1,-0.3
CHI,2025-12-27,42.2,42.9,-0.7
CHI,2025-12-28,55.1,53.0,2.1
CHI,2025-12-29,29.5,28.5,1.0
CHI,2025-12-30,22.0,23.7,-1.7
CHI,2025-12-31,34.8,34.3,0.5
CHI,2026-01-01,19.5,18.8,0.7
CHI,2026-01-02,23.7,20.9,2.8
CHI,2026-01-03,27.4,23.9,3.5
CHI,2026-01-04,32.5,30.5,2.0
CHI,2026-01-05,44.0,42.2,1.8
CHI,2026-01-06,44.1,43.6,0.5
CHI,2026-01-07,42.2,40.5,1.7
CHI,2026-01-08,55.6,56.2,-0.6
CHI,2026-01-09,58.7,59.2,-0.5
CHI,2026-01-10,42.1,39.6,2.5
CHI,2026-01-11,33.0,33.5,-0.5
CHI,2026-01-12,42.4,39.6,2.8
CHI,2026-01-13,51.5,49.9,1.6
CHI,2026-01-14,44.1,41.5,2.6
CHI,2026-01-15,24.5,21.6,2.9
CHI,2026-01-16,36.5,35.2,1.3
CHI,2026-01-17,28.5,25.2,3.3
CHI,2026-01-18,17.6,17.1,0.5
CHI,2026-01-19,18.3,18.1,0.2
CHI,2026-01-20,21.6,19.5,2.1
CHI,2026-01-21,30.3,27.8,2.5
CHI,2026-01-22,28.3,28.5,-0.2
CHI,2026-01-23,11.5,9.4,2.1
CHI,2026-01-24,7.3,4.6,2.7
CHI,2026-01-25,14.7,17.4,-2.7
CHI,2026-01-26,9.6,5.9,3.7
CHI,2026-01-27,14.1,14.0,0.1
CHI,2026-01-28,17.7,13.5,4.2
CHI,2026-01-29,17.8,12.7,5.1
CHI,2026-01-30,20.0,18.9,1.1
CHI,2026-01-31,25.8,22.2,3.6
CHI,2026-02-01,29.8,25.2,4.6
CHI,2026-02-02,28.4,27.3,1.1
CHI,2026-02-03,28.8,27.5,1.3
CHI,2026-02-04,28.3,26.3,2.0
CHI,2026-02-05,32.1,28.9,3.2
CHI,2026-02-06,38.0,36.4,1.6
CHI,2026-02-07,26.5,23.9,2.6
CHI,2026-02-08,31.3,27.2,4.1
CHI,2026-02-09,39.1,35.8,3.3
CHI,2026-02-10,48.8,46.9,1.9
CHI,2026-02-11,43.3,40.7,2.6
CHI,2026-02-12,39.1,37.2,1.9
CHI,2026-02-13,54.6,51.4,3.2
CHI,2026-02-14,52.4,50.6,1.8
CHI,2026-02-15,60.6,56.8,3.8
CHI,2026-02-16,66.0,61.9,4.1
CHI,2026-02-17,55.2,53.6,1.6
CHI,2026-02-18,63.4,60.0,3.4
CHI,2026-02-19,56.6,56.9,-0.3
CHI,2026-02-20,43.3,43.9,-0.6
CHI,2026-02-21,29.6,30.2,-0.6
CHI,2026-02-22,27.2,26.9,0.3
CHI,2026-02-23,29.0,28.6,0.4
CHI,2026-02-24,38.6,37.0,1.6
CHI,2026-02-25,37.6,35.6,2.0
CHI,2026-02-26,42.4,40.7,1.7
CHI,2026-02-27,64.3,59.7,4.6
CHI,2026-02-28,51.2,45.6,5.6
CHI,2026-03-01,32.6,31.0,1.6
CHI,2026-03-02,41.7,38.3,3.4
CHI,2026-03-03,42.0,40.3,1.7
CHI,2026-03-04,44.6,42.0,2.6
CHI,2026-03-05,48.6,49.6,-1.0
CHI,2026-03-06,64.6,64.0,0.6
CHI,2026-03-07,62.8,62.9,-0.1
CHI,2026-03-08,62.8,60.1,2.7
CHI,2026-03-09,72.6,69.6,3.0
CHI,2026-03-10,62.0,59.3,2.7
CHI,2026-03-11,43.5,41.2,2.3
CHI,2026-03-12,45.0,44.6,0.4
CHI,2026-03-13,47.2,45.4,1.8
CHI,2026-03-14,36.6,34.2,2.4
CHI,2026-03-15,58.6,60.0,-1.4
CHI,2026-03-16,31.3,32.1,-0.8
CHI,2026-03-17,23.4,21.8,1.6
CHI,2026-03-18,45.1,40.1,5.0
CHI,2026-03-19,61.2,58.8,2.4
CHI,2026-03-20,72.3,69.9,2.4
CHI,2026-03-21,76.9,67.8,9.1
CHI,2026-03-22,71.7,64.4,7.3
CHI,2026-03-23,42.0,40.8,1.2
CHI,2026-03-24,52.2,48.8,3.4
CHI,2026-03-25,71.8,67.4,4.4
CHI,2026-03-26,68.1,66.0,2.1
CHI,2026-03-27,45.5,44.2,1.3
CHI,2026-03-28,48.3,45.7,2.6
CHI,2026-03-29,64.0,61.1,2.9
CHI,2026-03-30,80.8,79.2,1.6
CHI,2026-03-31,68.5,68.4,0.1
CHI,2026-04-01,41.4,40.6,0.8
CHI,2026-04-02,67.8,67.6,0.2
CHI,2026-04-03,62.5,61.1,1.4
CHI,2026-04-04,52.7,55.4,-2.7
CHI,2026-04-05,53.8,51.0,2.8
CHI,2026-04-06,51.1,49.4,1.7
CHI,2026-04-07,38.5,37.6,0.9
CHI,2026-04-08,71.3,67.1,4.2
CHI,2026-04-09,71.8,69.3,2.5
CHI,2026-04-10,52.9,53.7,-0.8
CHI,2026-04-11,55.8,53.5,2.3
CHI,2026-04-12,80.6,77.7,2.9
CHI,2026-04-13,80.4,74.3,6.1
CHI,2026-04-14,83.2,78.3,4.9
CHI,2026-04-15,71.2,70.4,0.8
CHI,2026-04-16,71.3,72.0,-0.7
CHI,2026-04-17,81.4,79.2,2.2
CHI,2026-04-18,64.6,64.0,0.6
CHI,2026-04-19,49.2,50.6,-1.4
CHI,2026-04-20,56.5,54.0,2.5
CHI,2026-04-21,76.7,71.9,4.8
CHI,2026-04-22,71.7,69.1,2.6
CHI,2026-04-23,81.3,79.1,2.2
CHI,2026-04-24,74.2,67.9,6.3
CHI,2026-04-25,60.1,55.7,4.4
CHI,2026-04-26,58.7,58.4,0.3
CHI,2026-04-27,66.1,66.9,-0.8
CHI,2026-04-28,65.3,62.9,2.4
CHI,2026-04-29,59.4,55.3,4.1
CHI,2026-04-30,54.3,52.5,1.8
CHI,2026-05-01,48.2,49.1,-0.9
CHI,2026-05-02,55.4,52.8,2.6
CHI,2026-05-03,68.2,64.7,3.5
CHI,2026-05-04,79.8,76.4,3.4
CHI,2026-05-05,62.3,60.2,2.1
CHI,2026-05-06,58.0,56.1,1.9
CHI,2026-05-07,58.9,59.6,-0.7
CHI,2026-05-08,65.8,67.4,-1.6
CHI,2026-05-09,74.0,73.8,0.2
CHI,2026-05-10,65.6,64.7,0.9
CHI,2026-05-11,56.5,55.6,0.9
CHI,2026-05-12,72.8,73.5,-0.7
CHI,2026-05-13,64.8,66.6,-1.8
CHI,2026-05-14,67.0,67.2,-0.2
CHI,2026-05-15,75.0,74.8,0.2
CHI,2026-05-16,83.2,83.2,0.0
CHI,2026-05-17,86.0,86.5,-0.5
CHI,2026-05-18,79.6,81.0,-1.4
CHI,2026-05-19,79.1,80.2,-1.1
CHI,2026-05-20,62.7,60.3,2.4
CHI,2026-05-21,58.0,58.3,-0.3
CHI,2026-05-22,66.9,66.4,0.5
CHI,2026-05-23,70.7,72.7,-2.0
CHI,2026-05-24,75.4,76.2,-0.8
CHI,2026-05-25,84.9,87.3,-2.4
CHI,2026-05-26,84.4,87.6,-3.2
CHI,2026-05-27,82.9,84.4,-1.5
CHI,2026-05-28,71.0,72.1,-1.1
LAX,2025-05-28,67.2,68.3,-1.1
LAX,2025-05-29,68.7,68.6,0.1
LAX,2025-05-30,76.2,77.0,-0.8
LAX,2025-05-31,72.7,73.8,-1.1
LAX,2025-06-01,76.9,73.0,3.9
LAX,2025-06-02,69.4,69.5,-0.1
LAX,2025-06-03,65.9,68.4,-2.5
LAX,2025-06-04,66.2,64.9,1.3
LAX,2025-06-05,68.5,64.6,3.9
LAX,2025-06-06,66.4,65.8,0.6
LAX,2025-06-07,67.3,65.5,1.8
LAX,2025-06-08,67.1,66.7,0.4
LAX,2025-06-09,68.1,69.1,-1.0
LAX,2025-06-10,71.8,71.2,0.6
LAX,2025-06-11,68.6,70.2,-1.6
LAX,2025-06-12,70.4,71.2,-0.8
LAX,2025-06-13,71.3,70.9,0.4
LAX,2025-06-14,72.4,74.3,-1.9
LAX,2025-06-15,74.7,76.3,-1.6
LAX,2025-06-16,74.5,76.6,-2.1
LAX,2025-06-17,77.0,76.6,0.4
LAX,2025-06-18,76.0,76.0,0.0
LAX,2025-06-19,73.2,73.9,-0.7
LAX,2025-06-20,70.4,72.8,-2.4
LAX,2025-06-21,70.4,73.1,-2.7
LAX,2025-06-22,72.1,73.3,-1.2
LAX,2025-06-23,73.0,72.9,0.1
LAX,2025-06-24,68.5,69.6,-1.1
LAX,2025-06-25,70.5,71.6,-1.1
LAX,2025-06-26,73.1,72.0,1.1
LAX,2025-06-27,73.2,74.6,-1.4
LAX,2025-06-28,73.8,73.5,0.3
LAX,2025-06-29,69.5,69.6,-0.1
LAX,2025-06-30,71.2,70.2,1.0
LAX,2025-07-01,69.7,70.5,-0.8
LAX,2025-07-02,70.0,69.8,0.2
LAX,2025-07-03,72.8,73.8,-1.0
LAX,2025-07-04,73.5,73.0,0.5
LAX,2025-07-05,73.2,76.6,-3.4
LAX,2025-07-06,71.5,73.6,-2.1
LAX,2025-07-07,71.3,70.9,0.4
LAX,2025-07-08,72.3,71.5,0.8
LAX,2025-07-09,75.0,76.2,-1.2
LAX,2025-07-10,73.1,77.5,-4.4
LAX,2025-07-11,74.0,75.9,-1.9
LAX,2025-07-12,73.5,75.3,-1.8
LAX,2025-07-13,68.7,71.2,-2.5
LAX,2025-07-14,70.4,71.7,-1.3
LAX,2025-07-15,72.0,73.5,-1.5
LAX,2025-07-16,72.6,73.6,-1.0
LAX,2025-07-17,72.5,71.7,0.8
LAX,2025-07-18,73.9,71.5,2.4
LAX,2025-07-19,73.0,73.1,-0.1
LAX,2025-07-20,71.4,73.9,-2.5
LAX,2025-07-21,71.0,74.8,-3.8
LAX,2025-07-22,72.0,71.0,1.0
LAX,2025-07-23,73.5,70.4,3.1
LAX,2025-07-24,72.4,71.8,0.6
LAX,2025-07-25,72.4,72.5,-0.1
LAX,2025-07-26,73.4,70.9,2.5
LAX,2025-07-27,72.1,71.9,0.2
LAX,2025-07-28,72.5,72.5,0.0
LAX,2025-07-29,73.1,74.8,-1.7
LAX,2025-07-30,74.0,75.8,-1.8
LAX,2025-07-31,73.0,75.9,-2.9
LAX,2025-08-01,73.1,75.9,-2.8
LAX,2025-08-02,72.2,74.1,-1.9
LAX,2025-08-03,73.7,75.9,-2.2
LAX,2025-08-04,73.7,75.2,-1.5
LAX,2025-08-05,75.6,77.9,-2.3
LAX,2025-08-06,77.7,78.3,-0.6
LAX,2025-08-07,77.1,82.5,-5.4
LAX,2025-08-08,75.2,78.7,-3.5
LAX,2025-08-09,73.1,73.4,-0.3
LAX,2025-08-10,74.1,75.8,-1.7
LAX,2025-08-11,74.3,79.4,-5.1
LAX,2025-08-12,76.6,77.4,-0.8
LAX,2025-08-13,73.6,74.9,-1.3
LAX,2025-08-14,71.0,75.5,-4.5
LAX,2025-08-15,73.8,76.1,-2.3
LAX,2025-08-16,72.8,75.2,-2.4
LAX,2025-08-17,75.5,75.7,-0.2
LAX,2025-08-18,75.5,78.0,-2.5
LAX,2025-08-19,77.4,79.8,-2.4
LAX,2025-08-20,79.2,80.8,-1.6
LAX,2025-08-21,83.9,83.8,0.1
LAX,2025-08-22,83.5,85.8,-2.3
LAX,2025-08-23,86.6,81.2,5.4
LAX,2025-08-24,77.3,80.3,-3.0
LAX,2025-08-25,76.8,78.4,-1.6
LAX,2025-08-26,75.6,75.6,0.0
LAX,2025-08-27,80.7,80.2,0.5
LAX,2025-08-28,82.3,81.5,0.8
LAX,2025-08-29,84.2,83.0,1.2
LAX,2025-08-30,82.7,81.0,1.7
LAX,2025-08-31,79.2,80.9,-1.7
LAX,2025-09-01,80.4,80.0,0.4
LAX,2025-09-02,79.2,79.1,0.1
LAX,2025-09-03,80.8,82.8,-2.0
LAX,2025-09-04,76.3,78.9,-2.6
LAX,2025-09-05,76.8,77.9,-1.1
LAX,2025-09-06,79.5,77.0,2.5
LAX,2025-09-07,80.0,78.9,1.1
LAX,2025-09-08,76.6,76.7,-0.1
LAX,2025-09-09,75.8,78.0,-2.2
LAX,2025-09-10,76.1,76.0,0.1
LAX,2025-09-11,74.8,74.4,0.4
LAX,2025-09-12,76.6,77.7,-1.1
LAX,2025-09-13,74.1,76.1,-2.0
LAX,2025-09-14,74.1,77.0,-2.9
LAX,2025-09-15,75.4,78.6,-3.2
LAX,2025-09-16,78.1,78.1,0.0
LAX,2025-09-17,79.0,77.7,1.3
LAX,2025-09-18,76.0,77.9,-1.9
LAX,2025-09-19,77.5,77.4,0.1
LAX,2025-09-20,74.9,74.9,0.0
LAX,2025-09-21,75.9,75.7,0.2
LAX,2025-09-22,75.7,79.2,-3.5
LAX,2025-09-23,78.5,80.8,-2.3
LAX,2025-09-24,77.1,77.0,0.1
LAX,2025-09-25,70.6,74.9,-4.3
LAX,2025-09-26,71.4,74.4,-3.0
LAX,2025-09-27,73.6,75.2,-1.6
LAX,2025-09-28,74.8,74.2,0.6
LAX,2025-09-29,75.0,73.1,1.9
LAX,2025-09-30,73.8,72.1,1.7
LAX,2025-10-01,73.3,74.0,-0.7
LAX,2025-10-02,74.9,75.0,-0.1
LAX,2025-10-03,73.0,72.9,0.1
LAX,2025-10-04,74.7,75.5,-0.8
LAX,2025-10-05,76.4,74.5,1.9
LAX,2025-10-06,71.2,73.0,-1.8
LAX,2025-10-07,70.2,70.8,-0.6
LAX,2025-10-08,70.2,69.5,0.7
LAX,2025-10-09,72.3,74.4,-2.1
LAX,2025-10-10,75.3,77.7,-2.4
LAX,2025-10-11,74.2,76.6,-2.4
LAX,2025-10-12,72.5,73.7,-1.2
LAX,2025-10-13,71.6,69.9,1.7
LAX,2025-10-14,64.4,64.0,0.4
LAX,2025-10-15,64.7,65.1,-0.4
LAX,2025-10-16,72.3,70.3,2.0
LAX,2025-10-17,74.7,73.3,1.4
LAX,2025-10-18,81.3,76.8,4.5
LAX,2025-10-19,77.4,76.1,1.3
LAX,2025-10-20,76.6,75.9,0.7
LAX,2025-10-21,75.3,73.4,1.9
LAX,2025-10-22,69.5,68.5,1.0
LAX,2025-10-23,70.4,71.2,-0.8
LAX,2025-10-24,71.8,72.9,-1.1
LAX,2025-10-25,66.1,67.6,-1.5
LAX,2025-10-26,65.9,67.6,-1.7
LAX,2025-10-27,69.7,70.3,-0.6
LAX,2025-10-28,81.3,81.3,0.0
LAX,2025-10-29,92.9,87.1,5.8
LAX,2025-10-30,83.1,82.4,0.7
LAX,2025-10-31,72.6,72.4,0.2
LAX,2025-11-01,65.2,69.1,-3.9
LAX,2025-11-02,65.9,69.0,-3.1
LAX,2025-11-03,68.3,70.1,-1.8
LAX,2025-11-04,67.9,69.3,-1.4
LAX,2025-11-05,67.6,67.1,0.5
LAX,2025-11-06,70.2,70.5,-0.3
LAX,2025-11-07,72.1,72.4,-0.3
LAX,2025-11-08,70.6,75.2,-4.6
LAX,2025-11-09,68.0,75.1,-7.1
LAX,2025-11-10,68.6,74.1,-5.5
LAX,2025-11-11,66.2,69.3,-3.1
LAX,2025-11-12,67.1,68.4,-1.3
LAX,2025-11-13,71.1,73.0,-1.9
LAX,2025-11-14,64.4,64.9,-0.5
LAX,2025-11-15,62.3,62.6,-0.3
LAX,2025-11-16,63.4,62.1,1.3
LAX,2025-11-17,64.5,62.1,2.4
LAX,2025-11-18,60.5,59.2,1.3
LAX,2025-11-19,63.2,60.7,2.5
LAX,2025-11-20,62.0,61.4,0.6
LAX,2025-11-21,64.4,63.8,0.6
LAX,2025-11-22,70.4,67.6,2.8
LAX,2025-11-23,70.6,67.0,3.6
LAX,2025-11-24,67.1,65.6,1.5
LAX,2025-11-25,73.4,70.0,3.4
LAX,2025-11-26,81.4,73.7,7.7
LAX,2025-11-27,80.8,72.4,8.4
LAX,2025-11-28,73.1,67.9,5.2
LAX,2025-11-29,67.7,65.8,1.9
LAX,2025-11-30,62.8,62.1,0.7
LAX,2025-12-01,68.0,65.2,2.8
LAX,2025-12-02,65.7,63.2,2.5
LAX,2025-12-03,67.9,64.8,3.1
LAX,2025-12-04,71.2,67.4,3.8
LAX,2025-12-05,70.2,65.8,4.4
LAX,2025-12-06,69.6,66.2,3.4
LAX,2025-12-07,70.7,67.6,3.1
LAX,2025-12-08,76.1,72.8,3.3
LAX,2025-12-09,81.6,76.7,4.9
LAX,2025-12-10,77.6,75.3,2.3
LAX,2025-12-11,74.1,75.7,-1.6
LAX,2025-12-12,68.6,70.2,-1.6
LAX,2025-12-13,61.4,62.8,-1.4
LAX,2025-12-14,61.8,63.8,-2.0
LAX,2025-12-15,64.1,64.6,-0.5
LAX,2025-12-16,62.2,65.2,-3.0
LAX,2025-12-17,62.9,67.2,-4.3
LAX,2025-12-18,69.8,69.7,0.1
LAX,2025-12-19,68.3,66.8,1.5
LAX,2025-12-20,65.3,63.3,2.0
LAX,2025-12-21,63.2,61.5,1.7
LAX,2025-12-22,63.4,62.0,1.4
LAX,2025-12-23,61.9,61.8,0.1
LAX,2025-12-24,63.8,63.6,0.2
LAX,2025-12-25,66.2,64.4,1.8
LAX,2025-12-26,61.6,61.2,0.4
LAX,2025-12-27,60.3,59.7,0.6
LAX,2025-12-28,68.9,63.9,5.0
LAX,2025-12-29,74.7,67.7,7.0
LAX,2025-12-30,74.1,65.1,9.0
LAX,2025-12-31,67.7,61.3,6.4
LAX,2026-01-01,64.4,63.1,1.3
LAX,2026-01-02,64.2,63.5,0.7
LAX,2026-01-03,62.6,62.3,0.3
LAX,2026-01-04,61.6,59.7,1.9
LAX,2026-01-05,62.6,61.2,1.4
LAX,2026-01-06,64.6,63.6,1.0
LAX,2026-01-07,65.4,63.2,2.2
LAX,2026-01-08,63.4,59.3,4.1
LAX,2026-01-09,63.6,60.7,2.9
LAX,2026-01-10,71.3,64.0,7.3
LAX,2026-01-11,75.6,67.6,8.0
LAX,2026-01-12,72.9,67.5,5.4
LAX,2026-01-13,79.0,72.6,6.4
LAX,2026-01-14,80.9,72.9,8.0
LAX,2026-01-15,83.9,74.3,9.6
LAX,2026-01-16,78.5,71.6,6.9
LAX,2026-01-17,74.1,71.2,2.9
LAX,2026-01-18,76.6,71.1,5.5
LAX,2026-01-19,73.9,70.7,3.2
LAX,2026-01-20,67.7,72.6,-4.9
LAX,2026-01-21,62.3,62.3,0.0
LAX,2026-01-22,63.9,62.0,1.9
LAX,2026-01-23,63.7,62.5,1.2
LAX,2026-01-24,64.1,62.0,2.1
LAX,2026-01-25,68.9,64.0,4.9
LAX,2026-01-26,74.4,69.7,4.7
LAX,2026-01-27,72.4,68.3,4.1
LAX,2026-01-28,69.5,69.3,0.2
LAX,2026-01-29,80.6,76.3,4.3
LAX,2026-01-30,82.1,79.4,2.7
LAX,2026-01-31,86.0,81.1,4.9
LAX,2026-02-01,75.4,75.2,0.2
LAX,2026-02-02,74.0,73.5,0.5
LAX,2026-02-03,73.7,72.0,1.7
LAX,2026-02-04,87.1,81.1,6.0
LAX,2026-02-05,82.1,80.4,1.7
LAX,2026-02-06,67.0,67.6,-0.6
LAX,2026-02-07,68.6,68.9,-0.3
LAX,2026-02-08,82.9,78.7,4.2
LAX,2026-02-09,77.3,73.8,3.5
LAX,2026-02-10,64.9,64.5,0.4
LAX,2026-02-11,63.6,62.4,1.2
LAX,2026-02-12,65.6,62.6,3.0
LAX,2026-02-13,68.3,67.0,1.3
LAX,2026-02-14,65.8,65.9,-0.1
LAX,2026-02-15,63.7,63.6,0.1
LAX,2026-02-16,55.7,57.9,-2.2
LAX,2026-02-17,58.5,58.5,0.0
LAX,2026-02-18,59.1,58.1,1.0
LAX,2026-02-19,54.2,56.4,-2.2
LAX,2026-02-20,59.4,57.5,1.9
LAX,2026-02-21,68.6,65.6,3.0
LAX,2026-02-22,69.0,65.7,3.3
LAX,2026-02-23,74.0,70.0,4.0
LAX,2026-02-24,75.5,70.5,5.0
LAX,2026-02-25,69.2,70.2,-1.0
LAX,2026-02-26,73.5,70.8,2.7
LAX,2026-02-27,82.0,80.6,1.4
LAX,2026-02-28,80.3,78.7,1.6
LAX,2026-03-01,77.7,73.9,3.8
LAX,2026-03-02,65.0,67.3,-2.3
LAX,2026-03-03,67.0,69.0,-2.0
LAX,2026-03-04,64.5,67.5,-3.0
LAX,2026-03-05,75.6,75.9,-0.3
LAX,2026-03-06,73.9,72.4,1.5
LAX,2026-03-07,78.2,77.4,0.8
LAX,2026-03-08,89.5,85.6,3.9
LAX,2026-03-09,73.7,75.1,-1.4
LAX,2026-03-10,64.9,65.1,-0.2
LAX,2026-03-11,67.1,68.2,-1.1
LAX,2026-03-12,82.1,80.4,1.7
LAX,2026-03-13,89.8,86.0,3.8
LAX,2026-03-14,82.1,76.4,5.7
LAX,2026-03-15,68.1,73.0,-4.9
LAX,2026-03-16,70.7,72.1,-1.4
LAX,2026-03-17,93.8,89.4,4.4
LAX,2026-03-18,81.7,82.5,-0.8
LAX,2026-03-19,81.5,83.8,-2.3
LAX,2026-03-20,82.9,82.4,0.5
LAX,2026-03-21,74.0,74.5,-0.5
LAX,2026-03-22,68.7,73.1,-4.4
LAX,2026-03-23,70.1,73.7,-3.6
LAX,2026-03-24,70.7,71.8,-1.1
LAX,2026-03-25,67.3,67.6,-0.3
LAX,2026-03-26,71.3,73.9,-2.6
LAX,2026-03-27,70.6,73.7,-3.1
LAX,2026-03-28,67.7,69.3,-1.6
LAX,2026-03-29,71.5,73.5,-2.0
LAX,2026-03-30,69.7,72.1,-2.4
LAX,2026-03-31,70.0,69.6,0.4
LAX,2026-04-01,68.6,65.7,2.9
LAX,2026-04-02,68.5,67.9,0.6
LAX,2026-04-03,75.8,73.0,2.8
LAX,2026-04-04,85.7,83.0,2.7
LAX,2026-04-05,74.7,76.3,-1.6
LAX,2026-04-06,77.9,76.0,1.9
LAX,2026-04-07,69.5,72.0,-2.5
LAX,2026-04-08,71.1,73.6,-2.5
LAX,2026-04-09,71.3,73.3,-2.0
LAX,2026-04-10,66.8,67.6,-0.8
LAX,2026-04-11,68.6,67.7,0.9
LAX,2026-04-12,66.9,63.8,3.1
LAX,2026-04-13,66.0,63.5,2.5
LAX,2026-04-14,68.6,68.2,0.4
LAX,2026-04-15,68.9,68.5,0.4
LAX,2026-04-16,69.7,69.4,0.3
LAX,2026-04-17,71.3,71.2,0.1
LAX,2026-04-18,74.4,74.7,-0.3
LAX,2026-04-19,70.7,70.6,0.1
LAX,2026-04-20,69.0,68.3,0.7
LAX,2026-04-21,67.9,65.9,2.0
LAX,2026-04-22,66.5,65.5,1.0
LAX,2026-04-23,73.1,72.2,0.9
LAX,2026-04-24,74.2,72.0,2.2
LAX,2026-04-25,65.2,63.1,2.1
LAX,2026-04-26,65.5,62.3,3.2
LAX,2026-04-27,65.6,64.1,1.5
LAX,2026-04-28,68.6,68.9,-0.3
LAX,2026-04-29,68.6,68.8,-0.2
LAX,2026-04-30,68.6,69.5,-0.9
LAX,2026-05-01,69.3,69.9,-0.6
LAX,2026-05-02,64.5,66.5,-2.0
LAX,2026-05-03,65.8,62.9,2.9
LAX,2026-05-04,67.7,65.2,2.5
LAX,2026-05-05,67.4,63.4,4.0
LAX,2026-05-06,68.5,68.4,0.1
LAX,2026-05-07,68.5,68.9,-0.4
LAX,2026-05-08,67.2,68.4,-1.2
LAX,2026-05-09,67.9,69.3,-1.4
LAX,2026-05-10,68.7,68.2,0.5
LAX,2026-05-11,65.3,68.9,-3.6
LAX,2026-05-12,66.3,65.9,0.4
LAX,2026-05-13,68.6,65.6,3.0
LAX,2026-05-14,68.7,67.8,0.9
LAX,2026-05-15,67.7,66.5,1.2
LAX,2026-05-16,68.3,65.6,2.7
LAX,2026-05-17,67.6,66.7,0.9
LAX,2026-05-18,70.4,70.1,0.3
LAX,2026-05-19,73.7,72.1,1.6
LAX,2026-05-20,76.6,78.1,-1.5
LAX,2026-05-21,70.4,73.2,-2.8
LAX,2026-05-22,66.6,65.9,0.7
LAX,2026-05-23,66.5,65.4,1.1
LAX,2026-05-24,67.4,64.3,3.1
LAX,2026-05-25,68.8,65.5,3.3
LAX,2026-05-26,67.8,65.7,2.1
LAX,2026-05-27,65.9,64.4,1.5
LAX,2026-05-28,67.7,65.7,2.0
MIA,2025-05-28,90.7,90.6,0.1
MIA,2025-05-29,89.9,91.7,-1.8
MIA,2025-05-30,91.9,93.1,-1.2
MIA,2025-05-31,93.0,90.8,2.2
MIA,2025-06-01,84.9,86.5,-1.6
MIA,2025-06-02,88.4,85.3,3.1
MIA,2025-06-03,77.0,77.8,-0.8
MIA,2025-06-04,84.6,83.1,1.5
MIA,2025-06-05,84.4,84.6,-0.2
MIA,2025-06-06,86.9,86.4,0.5
MIA,2025-06-07,90.1,86.7,3.4
MIA,2025-06-08,90.7,87.8,2.9
MIA,2025-06-09,89.8,88.9,0.9
MIA,2025-06-10,89.3,85.8,3.5
MIA,2025-06-11,88.8,85.3,3.5
MIA,2025-06-12,88.3,88.5,-0.2
MIA,2025-06-13,88.7,87.9,0.8
MIA,2025-06-14,88.9,88.5,0.4
MIA,2025-06-15,89.4,89.0,0.4
MIA,2025-06-16,89.9,88.9,1.0
MIA,2025-06-17,89.5,89.3,0.2
MIA,2025-06-18,89.4,88.0,1.4
MIA,2025-06-19,89.7,88.6,1.1
MIA,2025-06-20,91.0,88.4,2.6
MIA,2025-06-21,90.3,88.2,2.1
MIA,2025-06-22,87.9,88.2,-0.3
MIA,2025-06-23,89.3,88.2,1.1
MIA,2025-06-24,88.9,86.9,2.0
MIA,2025-06-25,87.2,83.7,3.5
MIA,2025-06-26,86.7,83.2,3.5
MIA,2025-06-27,89.0,84.5,4.5
MIA,2025-06-28,89.3,87.8,1.5
MIA,2025-06-29,89.5,85.6,3.9
MIA,2025-06-30,90.0,85.0,5.0
MIA,2025-07-01,87.2,84.7,2.5
MIA,2025-07-02,86.7,86.4,0.3
MIA,2025-07-03,86.6,86.2,0.4
MIA,2025-07-04,83.9,83.8,0.1
MIA,2025-07-05,85.5,85.4,0.1
MIA,2025-07-06,85.4,86.2,-0.8
MIA,2025-07-07,91.7,89.4,2.3
MIA,2025-07-08,92.8,89.2,3.6
MIA,2025-07-09,91.7,89.0,2.7
MIA,2025-07-10,90.6,85.8,4.8
MIA,2025-07-11,89.3,87.4,1.9
MIA,2025-07-12,90.5,89.8,0.7
MIA,2025-07-13,88.8,89.0,-0.2
MIA,2025-07-14,89.4,87.3,2.1
MIA,2025-07-15,85.2,84.5,0.7
MIA,2025-07-16,87.4,85.6,1.8
MIA,2025-07-17,89.3,86.4,2.9
MIA,2025-07-18,92.0,88.3,3.7
MIA,2025-07-19,91.7,89.1,2.6
MIA,2025-07-20,92.3,90.9,1.4
MIA,2025-07-21,93.4,91.3,2.1
MIA,2025-07-22,92.2,91.8,0.4
MIA,2025-07-23,87.8,86.4,1.4
MIA,2025-07-24,90.4,86.9,3.5
MIA,2025-07-25,90.8,88.8,2.0
MIA,2025-07-26,91.2,91.1,0.1
MIA,2025-07-27,92.2,93.1,-0.9
MIA,2025-07-28,92.7,93.7,-1.0
MIA,2025-07-29,90.7,93.1,-2.4
MIA,2025-07-30,92.6,93.6,-1.0
MIA,2025-07-31,95.1,95.0,0.1
MIA,2025-08-01,93.1,94.4,-1.3
MIA,2025-08-02,93.8,94.7,-0.9
MIA,2025-08-03,93.3,94.0,-0.7
MIA,2025-08-04,90.8,92.1,-1.3
MIA,2025-08-05,94.2,93.5,0.7
MIA,2025-08-06,93.7,91.8,1.9
MIA,2025-08-07,88.0,84.7,3.3
MIA,2025-08-08,89.4,85.6,3.8
MIA,2025-08-09,84.0,83.7,0.3
MIA,2025-08-10,86.4,85.8,0.6
MIA,2025-08-11,87.5,88.0,-0.5
MIA,2025-08-12,87.9,88.9,-1.0
MIA,2025-08-13,91.5,90.3,1.2
MIA,2025-08-14,90.8,91.6,-0.8
MIA,2025-08-15,91.7,91.7,0.0
MIA,2025-08-16,92.0,92.2,-0.2
MIA,2025-08-17,90.1,92.7,-2.6
MIA,2025-08-18,93.7,92.9,0.8
MIA,2025-08-19,93.5,94.3,-0.8
MIA,2025-08-20,95.2,93.4,1.8
MIA,2025-08-21,91.0,91.6,-0.6
MIA,2025-08-22,92.2,92.9,-0.7
MIA,2025-08-23,89.9,87.7,2.2
MIA,2025-08-24,91.9,90.1,1.8
MIA,2025-08-25,93.5,89.7,3.8
MIA,2025-08-26,93.0,90.6,2.4
MIA,2025-08-27,92.6,91.2,1.4
MIA,2025-08-28,92.6,90.9,1.7
MIA,2025-08-29,92.7,92.1,0.6
MIA,2025-08-30,90.8,90.6,0.2
MIA,2025-08-31,92.8,89.0,3.8
MIA,2025-09-01,92.0,88.6,3.4
MIA,2025-09-02,92.9,90.3,2.6
MIA,2025-09-03,92.8,86.3,6.5
MIA,2025-09-04,86.8,86.3,0.5
MIA,2025-09-05,86.5,84.9,1.6
MIA,2025-09-06,83.7,84.4,-0.7
MIA,2025-09-07,89.9,86.5,3.4
MIA,2025-09-08,90.7,88.5,2.2
MIA,2025-09-09,86.5,86.8,-0.3
MIA,2025-09-10,88.4,87.3,1.1
MIA,2025-09-11,89.1,88.0,1.1
MIA,2025-09-12,86.1,86.6,-0.5
MIA,2025-09-13,86.0,85.0,1.0
MIA,2025-09-14,88.1,86.6,1.5
MIA,2025-09-15,86.9,86.4,0.5
MIA,2025-09-16,88.3,87.8,0.5
MIA,2025-09-17,84.4,81.8,2.6
MIA,2025-09-18,82.7,83.4,-0.7
MIA,2025-09-19,88.9,86.4,2.5
MIA,2025-09-20,86.1,86.9,-0.8
MIA,2025-09-21,84.6,85.6,-1.0
MIA,2025-09-22,87.2,87.3,-0.1
MIA,2025-09-23,85.4,87.0,-1.6
MIA,2025-09-24,87.1,86.4,0.7
MIA,2025-09-25,88.1,87.4,0.7
MIA,2025-09-26,89.0,87.6,1.4
MIA,2025-09-27,88.4,86.2,2.2
MIA,2025-09-28,85.5,85.2,0.3
MIA,2025-09-29,89.4,86.3,3.1
MIA,2025-09-30,90.8,88.6,2.2
MIA,2025-10-01,89.3,88.9,0.4
MIA,2025-10-02,87.1,86.7,0.4
MIA,2025-10-03,86.0,84.4,1.6
MIA,2025-10-04,87.9,85.7,2.2
MIA,2025-10-05,87.4,86.0,1.4
MIA,2025-10-06,86.5,82.9,3.6
MIA,2025-10-07,88.3,85.8,2.5
MIA,2025-10-08,85.5,84.1,1.4
MIA,2025-10-09,88.1,83.8,4.3
MIA,2025-10-10,80.1,80.0,0.1
MIA,2025-10-11,83.9,84.0,-0.1
MIA,2025-10-12,84.3,83.8,0.5
MIA,2025-10-13,86.3,84.8,1.5
MIA,2025-10-14,85.4,83.9,1.5
MIA,2025-10-15,85.0,84.0,1.0
MIA,2025-10-16,84.7,82.7,2.0
MIA,2025-10-17,83.7,82.1,1.6
MIA,2025-10-18,84.0,83.1,0.9
MIA,2025-10-19,85.3,84.8,0.5
MIA,2025-10-20,88.1,85.1,3.0
MIA,2025-10-21,90.1,85.5,4.6
MIA,2025-10-22,89.5,85.9,3.6
MIA,2025-10-23,87.2,86.3,0.9
MIA,2025-10-24,86.4,86.4,0.0
MIA,2025-10-25,84.0,82.9,1.1
MIA,2025-10-26,84.8,83.1,1.7
MIA,2025-10-27,87.7,85.3,2.4
MIA,2025-10-28,86.4,85.1,1.3
MIA,2025-10-29,84.4,83.8,0.6
MIA,2025-10-30,79.4,77.9,1.5
MIA,2025-10-31,76.2,77.0,-0.8
MIA,2025-11-01,81.0,78.3,2.7
MIA,2025-11-02,83.1,82.6,0.5
MIA,2025-11-03,85.6,83.4,2.2
MIA,2025-11-04,80.2,79.1,1.1
MIA,2025-11-05,81.2,82.9,-1.7
MIA,2025-11-06,82.9,81.8,1.1
MIA,2025-11-07,86.2,84.9,1.3
MIA,2025-11-08,86.0,85.0,1.0
MIA,2025-11-09,86.3,85.1,1.2
MIA,2025-11-10,83.0,81.5,1.5
MIA,2025-11-11,67.4,65.1,2.3
MIA,2025-11-12,75.2,74.1,1.1
MIA,2025-11-13,76.0,75.9,0.1
MIA,2025-11-14,79.6,78.4,1.2
MIA,2025-11-15,80.8,79.3,1.5
MIA,2025-11-16,82.7,80.4,2.3
MIA,2025-11-17,81.4,80.3,1.1
MIA,2025-11-18,82.2,81.8,0.4
MIA,2025-11-19,83.7,83.4,0.3
MIA,2025-11-20,82.3,82.1,0.2
MIA,2025-11-21,83.5,82.1,1.4
MIA,2025-11-22,81.9,82.7,-0.8
MIA,2025-11-23,83.6,84.5,-0.9
MIA,2025-11-24,83.1,82.1,1.0
MIA,2025-11-25,82.2,81.5,0.7
MIA,2025-11-26,82.5,83.4,-0.9
MIA,2025-11-27,83.3,81.9,1.4
MIA,2025-11-28,74.0,71.9,2.1
MIA,2025-11-29,76.5,76.5,0.0
MIA,2025-11-30,79.0,76.6,2.4
MIA,2025-12-01,82.4,81.1,1.3
MIA,2025-12-02,85.2,83.3,1.9
MIA,2025-12-03,80.9,80.5,0.4
MIA,2025-12-04,81.5,80.1,1.4
MIA,2025-12-05,82.0,82.8,-0.8
MIA,2025-12-06,83.2,83.9,-0.7
MIA,2025-12-07,83.1,81.9,1.2
MIA,2025-12-08,85.3,84.2,1.1
MIA,2025-12-09,74.2,73.9,0.3
MIA,2025-12-10,82.2,79.3,2.9
MIA,2025-12-11,73.2,72.2,1.0
MIA,2025-12-12,78.5,75.9,2.6
MIA,2025-12-13,78.9,79.3,-0.4
MIA,2025-12-14,82.7,80.6,2.1
MIA,2025-12-15,73.5,73.0,0.5
MIA,2025-12-16,76.4,73.9,2.5
MIA,2025-12-17,77.7,76.4,1.3
MIA,2025-12-18,81.1,80.4,0.7
MIA,2025-12-19,85.4,83.8,1.6
MIA,2025-12-20,82.7,81.2,1.5
MIA,2025-12-21,81.7,80.6,1.1
MIA,2025-12-22,79.3,78.9,0.4
MIA,2025-12-23,78.9,78.2,0.7
MIA,2025-12-24,79.4,77.7,1.7
MIA,2025-12-25,80.3,79.7,0.6
MIA,2025-12-26,80.9,79.7,1.2
MIA,2025-12-27,80.2,79.6,0.6
MIA,2025-12-28,80.5,80.3,0.2
MIA,2025-12-29,82.7,81.2,1.5
MIA,2025-12-30,67.9,69.5,-1.6
MIA,2025-12-31,63.3,63.2,0.1
MIA,2026-01-01,66.9,66.6,0.3
MIA,2026-01-02,71.2,70.5,0.7
MIA,2026-01-03,76.2,76.8,-0.6
MIA,2026-01-04,79.7,78.2,1.5
MIA,2026-01-05,80.2,79.1,1.1
MIA,2026-01-06,79.1,77.1,2.0
MIA,2026-01-07,80.0,78.8,1.2
MIA,2026-01-08,81.4,80.8,0.6
MIA,2026-01-09,80.7,79.4,1.3
MIA,2026-01-10,79.9,79.7,0.2
MIA,2026-01-11,83.1,83.0,0.1
MIA,2026-01-12,74.6,74.0,0.6
MIA,2026-01-13,72.1,74.2,-2.1
MIA,2026-01-14,77.6,78.3,-0.7
MIA,2026-01-15,70.3,72.0,-1.7
MIA,2026-01-16,67.1,65.8,1.3
MIA,2026-01-17,77.0,75.9,1.1
MIA,2026-01-18,79.9,79.9,0.0
MIA,2026-01-19,67.0,66.2,0.8
MIA,2026-01-20,74.4,72.9,1.5
MIA,2026-01-21,71.0,71.2,-0.2
MIA,2026-01-22,73.4,74.2,-0.8
MIA,2026-01-23,79.0,78.7,0.3
MIA,2026-01-24,80.3,78.4,1.9
MIA,2026-01-25,80.2,78.5,1.7
MIA,2026-01-26,86.8,84.5,2.3
MIA,2026-01-27,66.2,64.2,2.0
MIA,2026-01-28,64.3,62.6,1.7
MIA,2026-01-29,71.8,69.8,2.0
MIA,2026-01-30,67.5,65.0,2.5
MIA,2026-01-31,65.0,65.3,-0.3
MIA,2026-02-01,51.7,49.9,1.8
MIA,2026-02-02,56.8,55.5,1.3
MIA,2026-02-03,69.1,66.1,3.0
MIA,2026-02-04,74.0,72.3,1.7
MIA,2026-02-05,75.8,72.6,3.2
MIA,2026-02-06,64.5,64.1,0.4
MIA,2026-02-07,78.2,76.9,1.3
MIA,2026-02-08,72.7,72.5,0.2
MIA,2026-02-09,73.9,72.6,1.3
MIA,2026-02-10,75.2,74.7,0.5
MIA,2026-02-11,77.0,75.7,1.3
MIA,2026-02-12,80.0,79.8,0.2
MIA,2026-02-13,79.6,79.5,0.1
MIA,2026-02-14,77.9,77.5,0.4
MIA,2026-02-15,79.1,77.8,1.3
MIA,2026-02-16,84.5,84.1,0.4
MIA,2026-02-17,78.8,77.5,1.3
MIA,2026-02-18,78.0,78.6,-0.6
MIA,2026-02-19,80.2,81.3,-1.1
MIA,2026-02-20,82.6,83.0,-0.4
MIA,2026-02-21,82.2,85.6,-3.4
MIA,2026-02-22,87.3,88.8,-1.5
MIA,2026-02-23,65.6,68.0,-2.4
MIA,2026-02-24,65.6,65.7,-0.1
MIA,2026-02-25,71.8,71.8,0.0
MIA,2026-02-26,77.6,78.8,-1.2
MIA,2026-02-27,81.4,81.1,0.3
MIA,2026-02-28,83.1,85.3,-2.2
MIA,2026-03-01,80.5,79.9,0.6
MIA,2026-03-02,80.0,77.5,2.5
MIA,2026-03-03,81.4,78.1,3.3
MIA,2026-03-04,81.0,79.2,1.8
MIA,2026-03-05,81.6,80.2,1.4
MIA,2026-03-06,82.2,81.5,0.7
MIA,2026-03-07,81.6,82.8,-1.2
MIA,2026-03-08,82.1,82.7,-0.6
MIA,2026-03-09,83.9,84.1,-0.2
MIA,2026-03-10,83.6,83.8,-0.2
MIA,2026-03-11,82.7,83.7,-1.0
MIA,2026-03-12,85.4,85.4,0.0
MIA,2026-03-13,79.2,79.2,0.0
MIA,2026-03-14,84.5,81.9,2.6
MIA,2026-03-15,78.0,77.1,0.9
MIA,2026-03-16,87.2,82.8,4.4
MIA,2026-03-17,71.0,70.1,0.9
MIA,2026-03-18,68.3,72.1,-3.8
MIA,2026-03-19,76.0,76.4,-0.4
MIA,2026-03-20,74.5,74.2,0.3
MIA,2026-03-21,79.4,78.3,1.1
MIA,2026-03-22,80.5,81.1,-0.6
MIA,2026-03-23,81.2,82.9,-1.7
MIA,2026-03-24,85.2,84.8,0.4
MIA,2026-03-25,82.5,82.0,0.5
MIA,2026-03-26,82.5,82.8,-0.3
MIA,2026-03-27,81.8,82.1,-0.3
MIA,2026-03-28,85.2,84.0,1.2
MIA,2026-03-29,75.8,78.7,-2.9
MIA,2026-03-30,79.1,77.3,1.8
MIA,2026-03-31,81.7,78.5,3.2
MIA,2026-04-01,80.2,80.1,0.1
MIA,2026-04-02,81.4,80.5,0.9
MIA,2026-04-03,82.0,79.2,2.8
MIA,2026-04-04,82.7,80.5,2.2
MIA,2026-04-05,82.2,80.4,1.8
MIA,2026-04-06,83.7,81.8,1.9
MIA,2026-04-07,81.1,81.0,0.1
MIA,2026-04-08,79.3,78.2,1.1
MIA,2026-04-09,76.7,77.8,-1.1
MIA,2026-04-10,78.5,78.5,0.0
MIA,2026-04-11,79.2,78.4,0.8
MIA,2026-04-12,80.9,80.8,0.1
MIA,2026-04-13,80.8,80.6,0.2
MIA,2026-04-14,81.8,80.6,1.2
MIA,2026-04-15,81.2,80.7,0.5
MIA,2026-04-16,82.8,82.7,0.1
MIA,2026-04-17,84.2,82.9,1.3
MIA,2026-04-18,85.0,83.8,1.2
MIA,2026-04-19,86.5,88.0,-1.5
MIA,2026-04-20,86.6,85.4,1.2
MIA,2026-04-21,79.1,79.0,0.1
MIA,2026-04-22,78.5,79.5,-1.0
MIA,2026-04-23,77.9,78.1,-0.2
MIA,2026-04-24,81.7,80.4,1.3
MIA,2026-04-25,84.1,83.1,1.0
MIA,2026-04-26,86.7,85.9,0.8
MIA,2026-04-27,85.7,84.8,0.9
MIA,2026-04-28,85.0,83.8,1.2
MIA,2026-04-29,84.5,85.3,-0.8
MIA,2026-04-30,85.9,88.8,-2.9
MIA,2026-05-01,88.4,88.6,-0.2
MIA,2026-05-02,95.7,93.9,1.8
MIA,2026-05-03,81.8,83.6,-1.8
MIA,2026-05-04,80.8,80.5,0.3
MIA,2026-05-05,87.8,84.7,3.1
MIA,2026-05-06,87.4,86.3,1.1
MIA,2026-05-07,90.4,93.6,-3.2
MIA,2026-05-08,91.4,94.3,-2.9
MIA,2026-05-09,89.8,92.4,-2.6
MIA,2026-05-10,90.2,91.5,-1.3
MIA,2026-05-11,89.0,88.3,0.7
MIA,2026-05-12,90.9,92.1,-1.2
MIA,2026-05-13,92.2,90.0,2.2
MIA,2026-05-14,94.7,92.7,2.0
MIA,2026-05-15,92.0,92.6,-0.6
MIA,2026-05-16,88.9,88.3,0.6
MIA,2026-05-17,84.0,84.5,-0.5
MIA,2026-05-18,82.8,83.3,-0.5
MIA,2026-05-19,84.5,83.9,0.6
MIA,2026-05-20,84.9,85.6,-0.7
MIA,2026-05-21,87.5,86.9,0.6
MIA,2026-05-22,87.2,85.7,1.5
MIA,2026-05-23,87.0,86.0,1.0
MIA,2026-05-24,87.2,85.7,1.5
MIA,2026-05-25,88.2,86.5,1.7
MIA,2026-05-26,86.9,86.6,0.3
MIA,2026-05-27,87.2,86.4,0.8
MIA,2026-05-28,83.6,84.1,-0.5
AUS,2025-05-28,87.0,81.6,5.4
AUS,2025-05-29,90.4,90.3,0.1
AUS,2025-05-30,82.1,80.9,1.2
AUS,2025-05-31,87.5,85.6,1.9
AUS,2025-06-01,96.7,93.6,3.1
AUS,2025-06-02,94.1,96.9,-2.8
AUS,2025-06-03,92.0,92.2,-0.2
AUS,2025-06-04,90.0,90.1,-0.1
AUS,2025-06-05,93.1,93.8,-0.7
AUS,2025-06-06,95.0,97.6,-2.6
AUS,2025-06-07,96.3,98.1,-1.8
AUS,2025-06-08,96.1,99.2,-3.1
AUS,2025-06-09,97.0,97.7,-0.7
AUS,2025-06-10,91.6,92.0,-0.4
AUS,2025-06-11,87.4,82.2,5.2
AUS,2025-06-12,78.6,84.4,-5.8
AUS,2025-06-13,94.0,86.3,7.7
AUS,2025-06-14,92.5,85.3,7.2
AUS,2025-06-15,94.9,88.2,6.7
AUS,2025-06-16,93.2,89.9,3.3
AUS,2025-06-17,93.7,91.3,2.4
AUS,2025-06-18,93.9,92.3,1.6
AUS,2025-06-19,94.8,92.8,2.0
AUS,2025-06-20,95.1,93.2,1.9
AUS,2025-06-21,95.1,95.5,-0.4
AUS,2025-06-22,95.2,95.3,-0.1
AUS,2025-06-23,95.6,95.2,0.4
AUS,2025-06-24,91.8,93.8,-2.0
AUS,2025-06-25,92.3,92.1,0.2
AUS,2025-06-26,91.3,92.1,-0.8
AUS,2025-06-27,94.0,93.0,1.0
AUS,2025-06-28,93.4,94.3,-0.9
AUS,2025-06-29,93.4,92.4,1.0
AUS,2025-06-30,92.5,92.6,-0.1
AUS,2025-07-01,92.2,91.3,0.9
AUS,2025-07-02,91.8,93.9,-2.1
AUS,2025-07-03,84.9,87.7,-2.8
AUS,2025-07-04,82.1,82.5,-0.4
AUS,2025-07-05,78.5,76.5,2.0
AUS,2025-07-06,88.3,88.1,0.2
AUS,2025-07-07,89.5,88.1,1.4
AUS,2025-07-08,92.2,88.0,4.2
AUS,2025-07-09,88.0,82.8,5.2
AUS,2025-07-10,90.4,88.4,2.0
AUS,2025-07-11,92.2,89.4,2.8
AUS,2025-07-12,91.6,85.6,6.0
AUS,2025-07-13,85.6,86.9,-1.3
AUS,2025-07-14,93.5,89.2,4.3
AUS,2025-07-15,93.5,91.3,2.2
AUS,2025-07-16,94.9,96.2,-1.3
AUS,2025-07-17,94.7,95.2,-0.5
AUS,2025-07-18,94.9,92.6,2.3
AUS,2025-07-19,93.2,92.4,0.8
AUS,2025-07-20,90.3,91.3,-1.0
AUS,2025-07-21,92.3,95.0,-2.7
AUS,2025-07-22,96.1,96.0,0.1
AUS,2025-07-23,97.6,96.1,1.5
AUS,2025-07-24,98.7,97.0,1.7
AUS,2025-07-25,89.0,88.9,0.1
AUS,2025-07-26,92.4,93.0,-0.6
AUS,2025-07-27,93.7,92.2,1.5
AUS,2025-07-28,96.2,93.2,3.0
AUS,2025-07-29,100.0,97.2,2.8
AUS,2025-07-30,100.2,97.7,2.5
AUS,2025-07-31,100.3,98.3,2.0
AUS,2025-08-01,99.8,97.8,2.0
AUS,2025-08-02,98.3,95.8,2.5
AUS,2025-08-03,98.2,94.7,3.5
AUS,2025-08-04,90.5,89.8,0.7
AUS,2025-08-05,95.4,93.5,1.9
AUS,2025-08-06,99.0,95.5,3.5
AUS,2025-08-07,97.6,97.7,-0.1
AUS,2025-08-08,99.6,97.9,1.7
AUS,2025-08-09,98.3,96.9,1.4
AUS,2025-08-10,98.5,95.4,3.1
AUS,2025-08-11,97.8,96.1,1.7
AUS,2025-08-12,97.0,96.7,0.3
AUS,2025-08-13,93.7,93.8,-0.1
AUS,2025-08-14,99.6,98.8,0.8
AUS,2025-08-15,94.7,94.5,0.2
AUS,2025-08-16,100.3,94.6,5.7
AUS,2025-08-17,99.0,99.0,0.0
AUS,2025-08-18,100.0,98.6,1.4
AUS,2025-08-19,94.9,96.6,-1.7
AUS,2025-08-20,98.5,96.9,1.6
AUS,2025-08-21,92.2,94.6,-2.4
AUS,2025-08-22,93.2,92.0,1.2
AUS,2025-08-23,93.4,92.6,0.8
AUS,2025-08-24,98.9,97.5,1.4
AUS,2025-08-25,95.7,95.6,0.1
AUS,2025-08-26,95.6,96.0,-0.4
AUS,2025-08-27,94.9,93.2,1.7
AUS,2025-08-28,99.4,99.8,-0.4
AUS,2025-08-29,99.5,99.7,-0.2
AUS,2025-08-30,99.0,96.5,2.5
AUS,2025-08-31,88.1,89.8,-1.7
AUS,2025-09-01,91.0,90.0,1.0
AUS,2025-09-02,95.3,92.9,2.4
AUS,2025-09-03,96.8,96.1,0.7
AUS,2025-09-04,101.3,100.2,1.1
AUS,2025-09-05,98.5,99.5,-1.0
AUS,2025-09-06,84.9,90.5,-5.6
AUS,2025-09-07,79.1,79.5,-0.4
AUS,2025-09-08,89.0,85.6,3.4
AUS,2025-09-09,91.6,89.0,2.6
AUS,2025-09-10,94.6,92.5,2.1
AUS,2025-09-11,95.7,92.5,3.2
AUS,2025-09-12,96.1,94.6,1.5
AUS,2025-09-13,94.4,92.2,2.2
AUS,2025-09-14,94.9,94.5,0.4
AUS,2025-09-15,93.5,91.4,2.1
AUS,2025-09-16,94.9,90.9,4.0
AUS,2025-09-17,95.1,91.8,3.3
AUS,2025-09-18,94.0,92.7,1.3
AUS,2025-09-19,94.7,92.6,2.1
AUS,2025-09-20,94.0,92.4,1.6
AUS,2025-09-21,97.0,94.6,2.4
AUS,2025-09-22,97.3,95.4,1.9
AUS,2025-09-23,98.6,97.3,1.3
AUS,2025-09-24,90.1,88.7,1.4
AUS,2025-09-25,89.9,88.2,1.7
AUS,2025-09-26,92.1,89.0,3.1
AUS,2025-09-27,92.3,89.5,2.8
AUS,2025-09-28,91.3,87.3,4.0
AUS,2025-09-29,88.8,86.8,2.0
AUS,2025-09-30,93.4,90.8,2.6
AUS,2025-10-01,95.5,94.6,0.9
AUS,2025-10-02,95.2,94.2,1.0
AUS,2025-10-03,93.7,92.7,1.0
AUS,2025-10-04,90.4,89.3,1.1
AUS,2025-10-05,91.8,90.9,0.9
AUS,2025-10-06,92.6,90.9,1.7
AUS,2025-10-07,92.4,92.6,-0.2
AUS,2025-10-08,93.9,92.5,1.4
AUS,2025-10-09,91.9,90.2,1.7
AUS,2025-10-10,90.7,90.3,0.4
AUS,2025-10-11,92.0,90.7,1.3
AUS,2025-10-12,90.4,90.2,0.2
AUS,2025-10-13,90.3,89.1,1.2
AUS,2025-10-14,90.2,89.0,1.2
AUS,2025-10-15,91.3,90.3,1.0
AUS,2025-10-16,85.6,85.6,0.0
AUS,2025-10-17,90.8,91.8,-1.0
AUS,2025-10-18,93.5,94.4,-0.9
AUS,2025-10-19,86.1,85.1,1.0
AUS,2025-10-20,92.9,92.4,0.5
AUS,2025-10-21,87.7,87.5,0.2
AUS,2025-10-22,86.7,85.9,0.8
AUS,2025-10-23,90.9,90.1,0.8
AUS,2025-10-24,88.1,87.6,0.5
AUS,2025-10-25,76.5,77.0,-0.5
AUS,2025-10-26,78.6,80.6,-2.0
AUS,2025-10-27,88.4,86.5,1.9
AUS,2025-10-28,87.0,85.1,1.9
AUS,2025-10-29,68.5,67.4,1.1
AUS,2025-10-30,71.7,69.7,2.0
AUS,2025-10-31,75.4,74.5,0.9
AUS,2025-11-01,70.6,72.7,-2.1
AUS,2025-11-02,73.4,72.6,0.8
AUS,2025-11-03,78.4,76.9,1.5
AUS,2025-11-04,80.4,78.4,2.0
AUS,2025-11-05,83.2,82.3,0.9
AUS,2025-11-06,83.7,83.0,0.7
AUS,2025-11-07,89.4,90.4,-1.0
AUS,2025-11-08,84.4,85.6,-1.2
AUS,2025-11-09,70.4,70.2,0.2
AUS,2025-11-10,59.8,58.7,1.1
AUS,2025-11-11,74.3,71.8,2.5
AUS,2025-11-12,82.3,81.3,1.0
AUS,2025-11-13,84.2,83.2,1.0
AUS,2025-11-14,84.8,83.1,1.7
AUS,2025-11-15,83.9,82.8,1.1
AUS,2025-11-16,86.1,84.9,1.2
AUS,2025-11-17,85.9,85.8,0.1
AUS,2025-11-18,84.3,84.5,-0.2
AUS,2025-11-19,85.3,85.9,-0.6
AUS,2025-11-20,80.8,84.0,-3.2
AUS,2025-11-21,75.1,75.3,-0.2
AUS,2025-11-22,76.0,74.4,1.6
AUS,2025-11-23,69.8,67.6,2.2
AUS,2025-11-24,75.5,77.6,-2.1
AUS,2025-11-25,80.7,78.8,1.9
AUS,2025-11-26,65.7,64.4,1.3
AUS,2025-11-27,63.7,62.0,1.7
AUS,2025-11-28,67.9,69.9,-2.0
AUS,2025-11-29,79.1,77.8,1.3
AUS,2025-11-30,69.4,63.5,5.9
AUS,2025-12-01,46.4,46.6,-0.2
AUS,2025-12-02,53.9,53.2,0.7
AUS,2025-12-03,55.8,57.1,-1.3
AUS,2025-12-04,54.0,54.5,-0.5
AUS,2025-12-05,52.2,52.5,-0.3
AUS,2025-12-06,76.5,72.6,3.9
AUS,2025-12-07,70.0,68.9,1.1
AUS,2025-12-08,59.5,58.7,0.8
AUS,2025-12-09,68.4,66.4,2.0
AUS,2025-12-10,71.4,70.2,1.2
AUS,2025-12-11,70.5,69.1,1.4
AUS,2025-12-12,76.1,72.0,4.1
AUS,2025-12-13,76.2,77.9,-1.7
AUS,2025-12-14,64.4,63.3,1.1
AUS,2025-12-15,54.5,54.2,0.3
AUS,2025-12-16,61.9,59.8,2.1
AUS,2025-12-17,64.7,64.8,-0.1
AUS,2025-12-18,74.7,75.3,-0.6
AUS,2025-12-19,68.9,67.3,1.6
AUS,2025-12-20,73.3,74.7,-1.4
AUS,2025-12-21,70.7,70.6,0.1
AUS,2025-12-22,76.4,76.0,0.4
AUS,2025-12-23,79.5,80.3,-0.8
AUS,2025-12-24,79.7,79.2,0.5
AUS,2025-12-25,77.6,78.6,-1.0
AUS,2025-12-26,83.2,81.8,1.4
AUS,2025-12-27,80.7,81.1,-0.4
AUS,2025-12-28,77.9,78.7,-0.8
AUS,2025-12-29,60.1,59.2,0.9
AUS,2025-12-30,57.7,57.4,0.3
AUS,2025-12-31,70.7,69.6,1.1
AUS,2026-01-01,73.3,72.6,0.7
AUS,2026-01-02,87.7,86.2,1.5
AUS,2026-01-03,74.7,74.4,0.3
AUS,2026-01-04,71.1,68.4,2.7
AUS,2026-01-05,75.6,76.6,-1.0
AUS,2026-01-06,83.5,81.9,1.6
AUS,2026-01-07,79.8,78.7,1.1
AUS,2026-01-08,77.9,78.7,-0.8
AUS,2026-01-09,71.8,71.5,0.3
AUS,2026-01-10,63.1,60.3,2.8
AUS,2026-01-11,63.0,62.0,1.0
AUS,2026-01-12,63.2,63.4,-0.2
AUS,2026-01-13,60.0,59.5,0.5
AUS,2026-01-14,68.8,67.2,1.6
AUS,2026-01-15,66.1,63.8,2.3
AUS,2026-01-16,74.6,72.9,1.7
AUS,2026-01-17,55.2,53.6,1.6
AUS,2026-01-18,64.0,62.4,1.6
AUS,2026-01-19,68.2,65.7,2.5
AUS,2026-01-20,59.8,58.8,1.0
AUS,2026-01-21,72.9,73.1,-0.2
AUS,2026-01-22,67.5,69.3,-1.8
AUS,2026-01-23,66.1,68.1,-2.0
AUS,2026-01-24,51.7,53.2,-1.5
AUS,2026-01-25,27.2,32.0,-4.8
AUS,2026-01-26,37.0,36.1,0.9
AUS,2026-01-27,49.0,45.9,3.1
AUS,2026-01-28,58.6,54.0,4.6
AUS,2026-01-29,71.9,66.0,5.9
AUS,2026-01-30,54.4,54.0,0.4
AUS,2026-01-31,45.0,43.3,1.7
AUS,2026-02-01,56.9,52.8,4.1
AUS,2026-02-02,68.8,68.2,0.6
AUS,2026-02-03,70.8,71.7,-0.9
AUS,2026-02-04,63.7,61.9,1.8
AUS,2026-02-05,69.2,66.8,2.4
AUS,2026-02-06,83.1,79.2,3.9
AUS,2026-02-07,84.3,80.7,3.6
AUS,2026-02-08,79.4,77.8,1.6
AUS,2026-02-09,84.3,82.7,1.6
AUS,2026-02-10,69.7,70.2,-0.5
AUS,2026-02-11,75.0,73.2,1.8
AUS,2026-02-12,80.3,78.8,1.5
AUS,2026-02-13,81.0,79.8,1.2
AUS,2026-02-14,72.8,74.8,-2.0
AUS,2026-02-15,73.4,72.0,1.4
AUS,2026-02-16,76.8,74.2,2.6
AUS,2026-02-17,82.8,81.0,1.8
AUS,2026-02-18,76.8,77.0,-0.2
AUS,2026-02-19,84.5,81.9,2.6
AUS,2026-02-20,67.3,69.0,-1.7
AUS,2026-02-21,71.8,69.6,2.2
AUS,2026-02-22,61.9,61.3,0.6
AUS,2026-02-23,65.4,63.4,2.0
AUS,2026-02-24,74.7,72.7,2.0
AUS,2026-02-25,85.9,84.0,1.9
AUS,2026-02-26,83.6,83.8,-0.2
AUS,2026-02-27,87.2,84.7,2.5
AUS,2026-02-28,85.9,83.5,2.4
AUS,2026-03-01,84.4,82.8,1.6
AUS,2026-03-02,85.1,82.5,2.6
AUS,2026-03-03,88.4,85.6,2.8
AUS,2026-03-04,85.9,86.0,-0.1
AUS,2026-03-05,85.3,83.0,2.3
AUS,2026-03-06,83.8,84.7,-0.9
AUS,2026-03-07,76.2,78.8,-2.6
AUS,2026-03-08,66.8,66.4,0.4
AUS,2026-03-09,77.8,78.2,-0.4
AUS,2026-03-10,83.2,79.9,3.3
AUS,2026-03-11,82.2,80.0,2.2
AUS,2026-03-12,68.2,64.1,4.1
AUS,2026-03-13,81.0,76.2,4.8
AUS,2026-03-14,85.0,83.2,1.8
AUS,2026-03-15,97.6,95.4,2.2
AUS,2026-03-16,58.3,57.4,0.9
AUS,2026-03-17,67.0,65.4,1.6
AUS,2026-03-18,76.9,75.3,1.6
AUS,2026-03-19,85.0,82.8,2.2
AUS,2026-03-20,89.5,86.4,3.1
AUS,2026-03-21,91.9,88.9,3.0
AUS,2026-03-22,92.0,88.8,3.2
AUS,2026-03-23,86.8,83.9,2.9
AUS,2026-03-24,86.5,85.1,1.4
AUS,2026-03-25,88.4,86.7,1.7
AUS,2026-03-26,87.4,87.3,0.1
AUS,2026-03-27,86.1,84.3,1.8
AUS,2026-03-28,71.6,70.9,0.7
AUS,2026-03-29,83.4,82.5,0.9
AUS,2026-03-30,86.2,84.6,1.6
AUS,2026-03-31,87.7,85.5,2.2
AUS,2026-04-01,89.1,89.6,-0.5
AUS,2026-04-02,85.7,84.6,1.1
AUS,2026-04-03,82.3,84.1,-1.8
AUS,2026-04-04,76.4,72.9,3.5
AUS,2026-04-05,65.6,64.5,1.1
AUS,2026-04-06,73.2,70.6,2.6
AUS,2026-04-07,75.4,74.1,1.3
AUS,2026-04-08,80.7,78.3,2.4
AUS,2026-04-09,81.6,81.1,0.5
AUS,2026-04-10,79.2,80.6,-1.4
AUS,2026-04-11,83.9,81.2,2.7
AUS,2026-04-12,77.1,73.4,3.7
AUS,2026-04-13,87.5,84.4,3.1
AUS,2026-04-14,86.1,85.2,0.9
AUS,2026-04-15,85.0,84.9,0.1
AUS,2026-04-16,86.8,86.3,0.5
AUS,2026-04-17,88.1,87.0,1.1
AUS,2026-04-18,76.0,74.4,1.6
AUS,2026-04-19,71.0,69.6,1.4
AUS,2026-04-20,63.0,61.2,1.8
AUS,2026-04-21,63.9,66.6,-2.7
AUS,2026-04-22,81.6,79.7,1.9
AUS,2026-04-23,81.4,80.8,0.6
AUS,2026-04-24,89.6,87.3,2.3
AUS,2026-04-25,89.2,87.0,2.2
AUS,2026-04-26,86.9,85.2,1.7
AUS,2026-04-27,88.3,87.4,0.9
AUS,2026-04-28,90.5,88.9,1.6
AUS,2026-04-29,81.2,80.0,1.2
AUS,2026-04-30,70.5,72.2,-1.7
AUS,2026-05-01,65.3,65.6,-0.3
AUS,2026-05-02,73.3,72.4,0.9
AUS,2026-05-03,80.0,76.9,3.1
AUS,2026-05-04,82.3,79.6,2.7
AUS,2026-05-05,84.1,84.3,-0.2
AUS,2026-05-06,77.0,76.2,0.8
AUS,2026-05-07,67.9,67.3,0.6
AUS,2026-05-08,80.2,77.8,2.4
AUS,2026-05-09,86.7,87.2,-0.5
AUS,2026-05-10,89.0,88.6,0.4
AUS,2026-05-11,80.3,79.4,0.9
AUS,2026-05-12,83.7,82.9,0.8
AUS,2026-05-13,88.3,88.5,-0.2
AUS,2026-05-14,89.4,89.2,0.2
AUS,2026-05-15,89.3,90.8,-1.5
AUS,2026-05-16,88.2,88.1,0.1
AUS,2026-05-17,86.6,88.6,-2.0
AUS,2026-05-18,91.1,91.6,-0.5
AUS,2026-05-19,91.7,91.0,0.7
AUS,2026-05-20,84.9,85.5,-0.6
AUS,2026-05-21,82.0,81.6,0.4
AUS,2026-05-22,87.0,80.8,6.2
AUS,2026-05-23,83.6,83.3,0.3
AUS,2026-05-24,88.5,86.9,1.6
AUS,2026-05-25,87.3,88.8,-1.5
AUS,2026-05-26,86.7,86.4,0.3
AUS,2026-05-27,76.0,78.3,-2.3
AUS,2026-05-28,89.5,91.2,-1.7
