city,settle_date,market,forecast_blurred,actual,lo,hi,p_model,p_market,edge,action,entry_price,pnl_per_contract,won_bet
NY,2026-04-22,KXHIGHNY-26APR22-B57.5,53.81,54.1,57.5,58.5,0.051,0.57,-0.519,NO,0.45,0.53,True
NY,2026-04-23,KXHIGHNY-26APR23-B74.5,71.28,72.2,74.5,75.5,0.066,0.34,-0.274,NO,0.68,0.3,True
NY,2026-04-23,KXHIGHNY-26APR23-B68.5,71.28,72.2,68.5,69.5,0.071,0.2,-0.129,NO,0.82,0.17,True
NY,2026-04-23,KXHIGHNY-26APR23-B72.5,71.28,72.2,72.5,73.5,0.132,0.65,-0.518,NO,0.37,0.61,True
NY,2026-04-23,KXHIGHNY-26APR23-B70.5,71.28,72.2,70.5,71.5,0.135,0.28,-0.145,NO,0.74,0.25,True
NY,2026-04-24,KXHIGHNY-26APR24-B66.5,70.85,69.6,66.5,67.5,0.106,0.46,-0.354,NO,0.56,0.42,True
NY,2026-04-24,KXHIGHNY-26APR24-B62.5,70.85,69.6,62.5,63.5,0.012,0.15,-0.138,NO,0.87,0.12,True
NY,2026-04-24,KXHIGHNY-26APR24-B64.5,70.85,69.6,64.5,65.5,0.04,0.31,-0.27,NO,0.71,0.28,True
NY,2026-04-25,KXHIGHNY-26APR25-B51.5,51.82,50.2,51.5,52.5,0.164,0.29,-0.126,NO,0.73,0.26,True
NY,2026-04-26,KXHIGHNY-26APR26-B55.5,52.25,55.8,55.5,56.5,0.066,0.3,-0.234,NO,0.72,-0.73,False
NY,2026-04-26,KXHIGHNY-26APR26-B57.5,52.25,55.8,57.5,58.5,0.036,0.43,-0.394,NO,0.59,0.39,True
NY,2026-04-26,KXHIGHNY-26APR26-B51.5,52.25,55.8,51.5,52.5,0.134,0.43,-0.296,NO,0.59,0.39,True
NY,2026-04-26,KXHIGHNY-26APR26-B53.5,52.25,55.8,53.5,54.5,0.129,0.25,-0.121,NO,0.77,0.22,True
NY,2026-04-27,KXHIGHNY-26APR27-B68.5,64.89,66.9,68.5,69.5,0.049,0.58,-0.531,NO,0.44,0.54,True
NY,2026-04-27,KXHIGHNY-26APR27-B66.5,64.89,66.9,66.5,67.5,0.088,0.42,-0.332,NO,0.6,-0.62,False
NY,2026-04-28,KXHIGHNY-26APR28-B65.5,65.98,64.4,65.5,66.5,0.148,0.57,-0.422,NO,0.45,0.53,True
NY,2026-04-28,KXHIGHNY-26APR28-B61.5,65.98,64.4,61.5,62.5,0.091,0.84,-0.749,NO,0.18,0.81,True
NY,2026-04-29,KXHIGHNY-26APR29-B62.5,61.95,62.9,62.5,63.5,0.09,0.61,-0.52,NO,0.41,-0.43,False
NY,2026-04-29,KXHIGHNY-26APR29-B60.5,61.95,62.9,60.5,61.5,0.11,0.19,-0.08,NO,0.83,0.16,True
NY,2026-04-29,KXHIGHNY-26APR29-B56.5,61.95,62.9,56.5,57.5,0.049,0.2,-0.151,NO,0.82,0.17,True
NY,2026-04-29,KXHIGHNY-26APR29-B58.5,61.95,62.9,58.5,59.5,0.066,0.32,-0.254,NO,0.7,0.29,True
CHI,2026-04-22,KXHIGHCHI-26APR22-B69.5,71.65,69.1,69.5,70.5,0.071,0.2,-0.129,NO,0.82,0.17,True
CHI,2026-04-22,KXHIGHCHI-26APR22-B73.5,71.65,69.1,73.5,74.5,0.067,0.16,-0.093,NO,0.86,0.13,True
CHI,2026-04-23,KXHIGHCHI-26APR23-B84.5,78.74,79.1,84.5,85.5,0.0,0.15,-0.15,NO,0.87,0.12,True
CHI,2026-04-23,KXHIGHCHI-26APR23-B80.5,78.74,79.1,80.5,81.5,0.076,0.22,-0.144,NO,0.8,0.19,True
CHI,2026-04-23,KXHIGHCHI-26APR23-B82.5,78.74,79.1,82.5,83.5,0.026,0.56,-0.534,NO,0.46,0.52,True
CHI,2026-04-23,KXHIGHCHI-26APR23-B78.5,78.74,79.1,78.5,79.5,0.057,0.58,-0.523,NO,0.44,-0.46,False
CHI,2026-04-24,KXHIGHCHI-26APR24-B70.5,76.84,67.9,70.5,71.5,0.043,0.83,-0.787,NO,0.19,0.8,True
CHI,2026-04-24,KXHIGHCHI-26APR24-B72.5,76.84,67.9,72.5,73.5,0.177,0.54,-0.363,NO,0.48,0.5,True
CHI,2026-04-24,KXHIGHCHI-26APR24-B74.5,76.84,67.9,74.5,75.5,0.068,0.38,-0.312,NO,0.64,0.34,True
CHI,2026-04-25,KXHIGHCHI-26APR25-B56.5,62.43,55.7,56.5,57.5,0.05,0.47,-0.42,NO,0.55,0.43,True
CHI,2026-04-25,KXHIGHCHI-26APR25-B60.5,62.43,55.7,60.5,61.5,0.08,0.2,-0.12,NO,0.82,0.17,True
CHI,2026-04-25,KXHIGHCHI-26APR25-B58.5,62.43,55.7,58.5,59.5,0.097,0.47,-0.373,NO,0.55,0.43,True
CHI,2026-04-26,KXHIGHCHI-26APR26-B63.5,58.9,58.4,63.5,64.5,0.0,0.26,-0.26,NO,0.76,0.23,True
CHI,2026-04-26,KXHIGHCHI-26APR26-B67.5,58.9,58.4,67.5,68.5,0.0,0.12,-0.12,NO,0.9,0.09,True
CHI,2026-04-26,KXHIGHCHI-26APR26-B61.5,58.9,58.4,61.5,62.5,0.041,0.41,-0.369,NO,0.61,0.37,True
CHI,2026-04-26,KXHIGHCHI-26APR26-B65.5,58.9,58.4,65.5,66.5,0.0,0.12,-0.12,NO,0.9,0.09,True
CHI,2026-04-27,KXHIGHCHI-26APR27-B71.5,69.48,66.9,71.5,72.5,0.071,0.16,-0.089,NO,0.86,0.13,True
CHI,2026-04-27,KXHIGHCHI-26APR27-B73.5,69.48,66.9,73.5,74.5,0.02,0.12,-0.1,NO,0.9,0.09,True
CHI,2026-04-28,KXHIGHCHI-26APR28-B62.5,66.7,62.9,62.5,63.5,0.144,0.65,-0.506,NO,0.37,-0.39,False
CHI,2026-04-28,KXHIGHCHI-26APR28-B60.5,66.7,62.9,60.5,61.5,0.044,0.24,-0.196,NO,0.78,0.21,True
CHI,2026-04-28,KXHIGHCHI-26APR28-B64.5,66.7,62.9,64.5,65.5,0.072,0.23,-0.158,NO,0.79,0.2,True
CHI,2026-04-29,KXHIGHCHI-26APR29-B54.5,56.82,55.3,54.5,55.5,0.069,0.48,-0.411,NO,0.54,-0.56,False
CHI,2026-04-29,KXHIGHCHI-26APR29-B56.5,56.82,55.3,56.5,57.5,0.064,0.44,-0.376,NO,0.58,0.4,True
LAX,2026-04-23,KXHIGHLAX-26APR23-B72.5,74.21,72.2,72.5,73.5,0.14,0.47,-0.33,NO,0.55,0.43,True
LAX,2026-04-24,KXHIGHLAX-26APR24-B74.5,71.32,72.0,74.5,75.5,0.066,0.75,-0.684,NO,0.27,0.72,True
LAX,2026-04-24,KXHIGHLAX-26APR24-B72.5,71.32,72.0,72.5,73.5,0.096,0.27,-0.174,NO,0.75,0.24,True
LAX,2026-04-24,KXHIGHLAX-26APR24-B68.5,71.32,72.0,68.5,69.5,0.061,0.16,-0.099,NO,0.86,0.13,True
LAX,2026-04-24,KXHIGHLAX-26APR24-B70.5,71.32,72.0,70.5,71.5,0.114,0.28,-0.166,NO,0.74,0.25,True
LAX,2026-04-25,KXHIGHLAX-26APR25-B68.5,67.84,63.1,68.5,69.5,0.069,0.65,-0.581,NO,0.37,0.61,True
LAX,2026-04-25,KXHIGHLAX-26APR25-B64.5,67.84,63.1,64.5,65.5,0.06,0.42,-0.36,NO,0.6,0.38,True
LAX,2026-04-25,KXHIGHLAX-26APR25-B66.5,67.84,63.1,66.5,67.5,0.12,0.39,-0.27,NO,0.63,0.35,True
LAX,2026-04-26,KXHIGHLAX-26APR26-B62.5,65.35,62.3,62.5,63.5,0.061,0.43,-0.369,NO,0.59,0.39,True
LAX,2026-04-26,KXHIGHLAX-26APR26-B64.5,65.35,62.3,64.5,65.5,0.117,0.32,-0.203,NO,0.7,0.29,True
LAX,2026-04-26,KXHIGHLAX-26APR26-B68.5,65.35,62.3,68.5,69.5,0.065,0.2,-0.135,NO,0.82,0.17,True
LAX,2026-04-26,KXHIGHLAX-26APR26-B66.5,65.35,62.3,66.5,67.5,0.097,0.69,-0.593,NO,0.33,0.65,True
LAX,2026-04-27,KXHIGHLAX-26APR27-B64.5,65.05,64.1,64.5,65.5,0.084,0.2,-0.116,NO,0.82,0.17,True
LAX,2026-04-27,KXHIGHLAX-26APR27-B66.5,65.05,64.1,66.5,67.5,0.078,0.64,-0.562,NO,0.38,0.6,True
LAX,2026-04-28,KXHIGHLAX-26APR28-B66.5,66.56,68.9,66.5,67.5,0.091,0.18,-0.089,NO,0.84,0.15,True
LAX,2026-04-28,KXHIGHLAX-26APR28-B68.5,66.56,68.9,68.5,69.5,0.104,0.23,-0.126,NO,0.79,-0.8,False
LAX,2026-04-28,KXHIGHLAX-26APR28-B70.5,66.56,68.9,70.5,71.5,0.067,0.71,-0.643,NO,0.31,0.68,True
LAX,2026-04-29,KXHIGHLAX-26APR29-B70.5,72.27,68.8,70.5,71.5,0.117,0.24,-0.123,NO,0.78,0.21,True
LAX,2026-04-29,KXHIGHLAX-26APR29-B66.5,72.27,68.8,66.5,67.5,0.09,0.21,-0.12,NO,0.81,0.18,True
LAX,2026-04-29,KXHIGHLAX-26APR29-B68.5,72.27,68.8,68.5,69.5,0.071,0.86,-0.789,NO,0.16,-0.17,False
LAX,2026-04-30,KXHIGHLAX-26APR30-B68.5,68.14,69.5,68.5,69.5,0.093,0.21,-0.117,NO,0.81,0.18,True
LAX,2026-04-30,KXHIGHLAX-26APR30-B70.5,68.14,69.5,70.5,71.5,0.068,0.51,-0.442,NO,0.51,0.47,True
MIA,2026-04-22,KXHIGHMIA-26APR22-B81.5,77.22,79.5,81.5,82.5,0.023,0.21,-0.187,NO,0.81,0.18,True
MIA,2026-04-22,KXHIGHMIA-26APR22-B79.5,77.22,79.5,79.5,80.5,0.069,0.67,-0.601,NO,0.35,-0.37,False
MIA,2026-04-23,KXHIGHMIA-26APR23-B79.5,76.84,78.1,79.5,80.5,0.057,0.49,-0.433,NO,0.53,0.45,True
MIA,2026-04-23,KXHIGHMIA-26APR23-B81.5,76.84,78.1,81.5,82.5,0.01,0.28,-0.27,NO,0.74,0.25,True
MIA,2026-04-24,KXHIGHMIA-26APR24-B80.5,83.3,80.4,80.5,81.5,0.13,0.38,-0.25,NO,0.64,0.34,True
MIA,2026-04-24,KXHIGHMIA-26APR24-B82.5,83.3,80.4,82.5,83.5,0.136,0.4,-0.264,NO,0.62,0.36,True
MIA,2026-04-25,KXHIGHMIA-26APR25-B85.5,85.2,83.1,85.5,86.5,0.104,0.54,-0.436,NO,0.48,0.5,True
MIA,2026-04-25,KXHIGHMIA-26APR25-B83.5,85.2,83.1,83.5,84.5,0.108,0.35,-0.242,NO,0.67,0.31,True
MIA,2026-04-26,KXHIGHMIA-26APR26-B86.5,87.94,85.9,86.5,87.5,0.076,0.67,-0.594,NO,0.35,0.63,True
MIA,2026-04-27,KXHIGHMIA-26APR27-B87.5,86.99,84.8,87.5,88.5,0.089,0.51,-0.421,NO,0.51,0.47,True
MIA,2026-04-28,KXHIGHMIA-26APR28-B82.5,91.42,83.8,82.5,83.5,0.017,0.13,-0.113,NO,0.89,0.1,True
MIA,2026-04-28,KXHIGHMIA-26APR28-B84.5,91.42,83.8,84.5,85.5,0.024,0.25,-0.226,NO,0.77,0.22,True
MIA,2026-04-28,KXHIGHMIA-26APR28-B86.5,91.42,83.8,86.5,87.5,0.07,0.56,-0.49,NO,0.46,0.52,True
MIA,2026-04-29,KXHIGHMIA-26APR29-B83.5,83.28,85.3,83.5,84.5,0.082,0.44,-0.358,NO,0.58,0.4,True
MIA,2026-04-29,KXHIGHMIA-26APR29-B85.5,83.28,85.3,85.5,86.5,0.069,0.58,-0.511,NO,0.44,0.54,True
MIA,2026-04-29,KXHIGHMIA-26APR29-B87.5,83.28,85.3,87.5,88.5,0.024,0.62,-0.596,NO,0.4,0.58,True
AUS,2026-04-22,KXHIGHAUS-26APR22-B79.5,80.06,79.7,79.5,80.5,0.075,0.25,-0.175,NO,0.77,-0.78,False
AUS,2026-04-22,KXHIGHAUS-26APR22-B81.5,80.06,79.7,81.5,82.5,0.013,0.13,-0.117,NO,0.89,0.1,True
AUS,2026-04-23,KXHIGHAUS-26APR23-B81.5,78.96,80.8,81.5,82.5,0.031,0.22,-0.189,NO,0.8,0.19,True
AUS,2026-04-23,KXHIGHAUS-26APR23-B85.5,78.96,80.8,85.5,86.5,0.0,0.32,-0.32,NO,0.7,0.29,True
AUS,2026-04-23,KXHIGHAUS-26APR23-B83.5,78.96,80.8,83.5,84.5,0.017,0.28,-0.263,NO,0.74,0.25,True
AUS,2026-04-24,KXHIGHAUS-26APR24-B89.5,91.45,87.3,89.5,90.5,0.094,0.44,-0.346,NO,0.58,0.4,True
AUS,2026-04-24,KXHIGHAUS-26APR24-B85.5,91.45,87.3,85.5,86.5,0.072,0.2,-0.128,NO,0.82,0.17,True
AUS,2026-04-25,KXHIGHAUS-26APR25-B91.5,92.59,87.0,91.5,92.5,0.112,0.48,-0.368,NO,0.54,0.44,True
AUS,2026-04-25,KXHIGHAUS-26APR25-B89.5,92.59,87.0,89.5,90.5,0.076,0.2,-0.124,NO,0.82,0.17,True
AUS,2026-04-26,KXHIGHAUS-26APR26-B89.5,86.56,85.2,89.5,90.5,0.051,0.15,-0.099,NO,0.87,0.12,True
AUS,2026-04-26,KXHIGHAUS-26APR26-B91.5,86.56,85.2,91.5,92.5,0.015,0.22,-0.205,NO,0.8,0.19,True
AUS,2026-04-26,KXHIGHAUS-26APR26-B93.5,86.56,85.2,93.5,94.5,0.0,0.2,-0.2,NO,0.82,0.17,True
AUS,2026-04-27,KXHIGHAUS-26APR27-B91.5,85.78,87.4,91.5,92.5,0.002,0.53,-0.528,NO,0.49,0.49,True
AUS,2026-04-27,KXHIGHAUS-26APR27-B93.5,85.78,87.4,93.5,94.5,0.0,0.25,-0.25,NO,0.77,0.22,True
AUS,2026-04-28,KXHIGHAUS-26APR28-B92.5,88.03,88.9,92.5,93.5,0.017,0.43,-0.413,NO,0.59,0.39,True
AUS,2026-04-28,KXHIGHAUS-26APR28-B94.5,88.03,88.9,94.5,95.5,0.0,0.23,-0.23,NO,0.79,0.2,True
NY,2026-04-30,KXHIGHNY-26APR30-B63.5,62.13,59.8,63.5,64.5,0.121,0.28,-0.159,NO,0.74,0.25,True
NY,2026-05-01,KXHIGHNY-26MAY01-B66.5,67.03,64.9,66.5,67.5,0.138,0.32,-0.182,NO,0.7,0.29,True
NY,2026-05-01,KXHIGHNY-26MAY01-B64.5,67.03,64.9,64.5,65.5,0.064,0.54,-0.476,NO,0.48,-0.5,False
NY,2026-05-02,KXHIGHNY-26MAY02-B64.5,59.6,59.3,64.5,65.5,0.03,0.58,-0.55,NO,0.44,0.54,True
NY,2026-05-02,KXHIGHNY-26MAY02-B58.5,59.6,59.3,58.5,59.5,0.149,0.23,-0.081,NO,0.79,-0.8,False
NY,2026-05-02,KXHIGHNY-26MAY02-B62.5,59.6,59.3,62.5,63.5,0.065,0.19,-0.125,NO,0.83,0.16,True
NY,2026-05-02,KXHIGHNY-26MAY02-B60.5,59.6,59.3,60.5,61.5,0.104,0.64,-0.536,NO,0.38,0.6,True
NY,2026-05-03,KXHIGHNY-26MAY03-B59.5,61.4,57.7,59.5,60.5,0.061,0.79,-0.729,NO,0.23,0.76,True
NY,2026-05-04,KXHIGHNY-26MAY04-B76.5,74.85,75.5,76.5,77.5,0.081,0.24,-0.159,NO,0.78,0.21,True
NY,2026-05-04,KXHIGHNY-26MAY04-B72.5,74.85,75.5,72.5,73.5,0.059,0.78,-0.721,NO,0.24,0.75,True
NY,2026-05-05,KXHIGHNY-26MAY05-B81.5,85.46,84.4,81.5,82.5,0.106,0.23,-0.124,NO,0.79,0.2,True
NY,2026-05-05,KXHIGHNY-26MAY05-B79.5,85.46,84.4,79.5,80.5,0.05,0.37,-0.32,NO,0.65,0.33,True
NY,2026-05-06,KXHIGHNY-26MAY06-B69.5,72.31,72.7,69.5,70.5,0.072,0.46,-0.388,NO,0.56,0.42,True
NY,2026-05-06,KXHIGHNY-26MAY06-B71.5,72.31,72.7,71.5,72.5,0.147,0.59,-0.443,NO,0.43,0.55,True
NY,2026-05-06,KXHIGHNY-26MAY06-B67.5,72.31,72.7,67.5,68.5,0.057,0.25,-0.193,NO,0.77,0.22,True
NY,2026-05-07,KXHIGHNY-26MAY07-B64.5,65.87,66.4,64.5,65.5,0.11,0.7,-0.59,NO,0.32,0.66,True
NY,2026-05-08,KXHIGHNY-26MAY08-B66.5,64.44,64.7,66.5,67.5,0.03,0.25,-0.22,NO,0.77,0.22,True
NY,2026-05-08,KXHIGHNY-26MAY08-B64.5,64.44,64.7,64.5,65.5,0.1,0.6,-0.5,NO,0.42,-0.44,False
NY,2026-05-08,KXHIGHNY-26MAY08-B68.5,64.44,64.7,68.5,69.5,0.065,0.2,-0.135,NO,0.82,0.17,True
NY,2026-05-09,KXHIGHNY-26MAY09-B63.5,64.6,65.3,63.5,64.5,0.149,0.24,-0.091,NO,0.78,0.21,True
NY,2026-05-09,KXHIGHNY-26MAY09-B61.5,64.6,65.3,61.5,62.5,0.056,0.19,-0.134,NO,0.83,0.16,True
NY,2026-05-09,KXHIGHNY-26MAY09-B65.5,64.6,65.3,65.5,66.5,0.104,0.51,-0.406,NO,0.51,0.47,True
CHI,2026-04-30,KXHIGHCHI-26APR30-B53.5,55.17,52.5,53.5,54.5,0.091,0.35,-0.259,NO,0.67,0.31,True
CHI,2026-04-30,KXHIGHCHI-26APR30-B55.5,55.17,52.5,55.5,56.5,0.092,0.24,-0.148,NO,0.78,0.21,True
CHI,2026-05-01,KXHIGHCHI-26MAY01-B50.5,50.09,49.1,50.5,51.5,0.098,0.22,-0.122,NO,0.8,0.19,True
CHI,2026-05-01,KXHIGHCHI-26MAY01-B52.5,50.09,49.1,52.5,53.5,0.05,0.24,-0.19,NO,0.78,0.21,True
CHI,2026-05-01,KXHIGHCHI-26MAY01-B48.5,50.09,49.1,48.5,49.5,0.091,0.32,-0.229,NO,0.7,-0.71,False
CHI,2026-05-02,KXHIGHCHI-26MAY02-B53.5,51.03,52.8,53.5,54.5,0.047,0.2,-0.153,NO,0.82,0.17,True
CHI,2026-05-02,KXHIGHCHI-26MAY02-B55.5,51.03,52.8,55.5,56.5,0.003,0.47,-0.467,NO,0.55,0.43,True
CHI,2026-05-02,KXHIGHCHI-26MAY02-B51.5,51.03,52.8,51.5,52.5,0.098,0.2,-0.102,NO,0.82,0.17,True
CHI,2026-05-03,KXHIGHCHI-26MAY03-B66.5,67.24,64.7,66.5,67.5,0.098,0.6,-0.502,NO,0.42,0.56,True
CHI,2026-05-04,KXHIGHCHI-26MAY04-B80.5,78.39,76.4,80.5,81.5,0.073,0.47,-0.397,NO,0.55,0.43,True
CHI,2026-05-04,KXHIGHCHI-26MAY04-B76.5,78.39,76.4,76.5,77.5,0.082,0.24,-0.158,NO,0.78,0.21,True
CHI,2026-05-04,KXHIGHCHI-26MAY04-B78.5,78.39,76.4,78.5,79.5,0.045,0.34,-0.295,NO,0.68,0.3,True
CHI,2026-05-04,KXHIGHCHI-26MAY04-B82.5,78.39,76.4,82.5,83.5,0.016,0.16,-0.144,NO,0.86,0.13,True
CHI,2026-05-05,KXHIGHCHI-26MAY05-B64.5,60.38,60.2,64.5,65.5,0.016,0.2,-0.184,NO,0.82,0.17,True
CHI,2026-05-05,KXHIGHCHI-26MAY05-B62.5,60.38,60.2,62.5,63.5,0.074,0.21,-0.136,NO,0.81,0.18,True
CHI,2026-05-05,KXHIGHCHI-26MAY05-B60.5,60.38,60.2,60.5,61.5,0.045,0.73,-0.685,NO,0.29,0.7,True
CHI,2026-05-05,KXHIGHCHI-26MAY05-B58.5,60.38,60.2,58.5,59.5,0.082,0.32,-0.238,NO,0.7,0.29,True
CHI,2026-05-06,KXHIGHCHI-26MAY06-B57.5,57.17,56.1,57.5,58.5,0.071,0.6,-0.529,NO,0.42,0.56,True
CHI,2026-05-06,KXHIGHCHI-26MAY06-B59.5,57.17,56.1,59.5,60.5,0.068,0.25,-0.182,NO,0.77,0.22,True
CHI,2026-05-07,KXHIGHCHI-26MAY07-B60.5,63.38,59.6,60.5,61.5,0.09,0.87,-0.78,NO,0.15,0.84,True
CHI,2026-05-08,KXHIGHCHI-26MAY08-B69.5,63.2,67.4,69.5,70.5,0.0,0.2,-0.2,NO,0.82,0.17,True
CHI,2026-05-08,KXHIGHCHI-26MAY08-B65.5,63.2,67.4,65.5,66.5,0.074,0.43,-0.356,NO,0.59,0.39,True
CHI,2026-05-08,KXHIGHCHI-26MAY08-B67.5,63.2,67.4,67.5,68.5,0.008,0.48,-0.472,NO,0.54,0.44,True
CHI,2026-05-09,KXHIGHCHI-26MAY09-B72.5,76.9,73.8,72.5,73.5,0.18,0.54,-0.36,NO,0.48,0.5,True
CHI,2026-05-09,KXHIGHCHI-26MAY09-B74.5,76.9,73.8,74.5,75.5,0.064,0.42,-0.356,NO,0.6,0.38,True
CHI,2026-05-09,KXHIGHCHI-26MAY09-B70.5,76.9,73.8,70.5,71.5,0.042,0.23,-0.188,NO,0.79,0.2,True
LAX,2026-05-01,KXHIGHLAX-26MAY01-B72.5,64.25,69.9,72.5,73.5,0.0,0.15,-0.15,NO,0.87,0.12,True
LAX,2026-05-01,KXHIGHLAX-26MAY01-B68.5,64.25,69.9,68.5,69.5,0.053,0.28,-0.227,NO,0.74,0.25,True
LAX,2026-05-01,KXHIGHLAX-26MAY01-B70.5,64.25,69.9,70.5,71.5,0.017,0.55,-0.533,NO,0.47,0.51,True
LAX,2026-05-01,KXHIGHLAX-26MAY01-B74.5,64.25,69.9,74.5,75.5,0.0,0.3,-0.3,NO,0.72,0.27,True
LAX,2026-05-02,KXHIGHLAX-26MAY02-B67.5,63.5,66.5,67.5,68.5,0.068,0.34,-0.272,NO,0.68,0.3,True
LAX,2026-05-02,KXHIGHLAX-26MAY02-B71.5,63.5,66.5,71.5,72.5,0.0,0.48,-0.48,NO,0.54,0.44,True
LAX,2026-05-02,KXHIGHLAX-26MAY02-B65.5,63.5,66.5,65.5,66.5,0.073,0.3,-0.227,NO,0.72,0.27,True
LAX,2026-05-03,KXHIGHLAX-26MAY03-B64.5,66.29,62.9,64.5,65.5,0.117,0.45,-0.333,NO,0.57,0.41,True
LAX,2026-05-03,KXHIGHLAX-26MAY03-B70.5,66.29,62.9,70.5,71.5,0.054,0.26,-0.206,NO,0.76,0.23,True
LAX,2026-05-03,KXHIGHLAX-26MAY03-B68.5,66.29,62.9,68.5,69.5,0.069,0.36,-0.291,NO,0.66,0.32,True
LAX,2026-05-03,KXHIGHLAX-26MAY03-B66.5,66.29,62.9,66.5,67.5,0.092,0.65,-0.558,NO,0.37,0.61,True
LAX,2026-05-04,KXHIGHLAX-26MAY04-B66.5,69.46,65.2,66.5,67.5,0.061,0.71,-0.649,NO,0.31,0.68,True
LAX,2026-05-04,KXHIGHLAX-26MAY04-B68.5,69.46,65.2,68.5,69.5,0.127,0.54,-0.413,NO,0.48,0.5,True
LAX,2026-05-04,KXHIGHLAX-26MAY04-B62.5,69.46,65.2,62.5,63.5,0.037,0.39,-0.353,NO,0.63,0.35,True
LAX,2026-05-05,KXHIGHLAX-26MAY05-B68.5,69.53,63.4,68.5,69.5,0.13,0.28,-0.15,NO,0.74,0.25,True
LAX,2026-05-05,KXHIGHLAX-26MAY05-B66.5,69.53,63.4,66.5,67.5,0.061,0.67,-0.609,NO,0.35,0.63,True
LAX,2026-05-06,KXHIGHLAX-26MAY06-B68.5,70.88,68.4,68.5,69.5,0.084,0.67,-0.586,NO,0.35,0.63,True
LAX,2026-05-06,KXHIGHLAX-26MAY06-B70.5,70.88,68.4,70.5,71.5,0.11,0.31,-0.2,NO,0.71,0.28,True
LAX,2026-05-06,KXHIGHLAX-26MAY06-B66.5,70.88,68.4,66.5,67.5,0.067,0.16,-0.093,NO,0.86,0.13,True
LAX,2026-05-07,KXHIGHLAX-26MAY07-B70.5,67.45,68.9,70.5,71.5,0.053,0.29,-0.237,NO,0.73,0.26,True
LAX,2026-05-07,KXHIGHLAX-26MAY07-B74.5,67.45,68.9,74.5,75.5,0.006,0.11,-0.104,NO,0.91,0.08,True
LAX,2026-05-07,KXHIGHLAX-26MAY07-B72.5,67.45,68.9,72.5,73.5,0.027,0.13,-0.103,NO,0.89,0.1,True
LAX,2026-05-07,KXHIGHLAX-26MAY07-B68.5,67.45,68.9,68.5,69.5,0.095,0.66,-0.565,NO,0.36,-0.38,False
LAX,2026-05-08,KXHIGHLAX-26MAY08-B70.5,65.81,68.4,70.5,71.5,0.032,0.3,-0.268,NO,0.72,0.27,True
LAX,2026-05-08,KXHIGHLAX-26MAY08-B74.5,65.81,68.4,74.5,75.5,0.0,0.19,-0.19,NO,0.83,0.16,True
LAX,2026-05-08,KXHIGHLAX-26MAY08-B68.5,65.81,68.4,68.5,69.5,0.066,0.87,-0.804,NO,0.15,0.84,True
LAX,2026-05-09,KXHIGHLAX-26MAY09-B75.5,70.47,69.3,75.5,76.5,0.027,0.24,-0.213,NO,0.78,0.21,True
LAX,2026-05-09,KXHIGHLAX-26MAY09-B71.5,70.47,69.3,71.5,72.5,0.094,0.21,-0.116,NO,0.81,0.18,True
LAX,2026-05-09,KXHIGHLAX-26MAY09-B73.5,70.47,69.3,73.5,74.5,0.053,0.22,-0.167,NO,0.8,0.19,True
LAX,2026-05-09,KXHIGHLAX-26MAY09-B69.5,70.47,69.3,69.5,70.5,0.128,0.66,-0.532,NO,0.36,0.62,True
LAX,2026-05-10,KXHIGHLAX-26MAY10-B72.5,68.13,68.2,72.5,73.5,0.051,0.28,-0.229,NO,0.74,0.25,True
MIA,2026-04-30,KXHIGHMIA-26APR30-B89.5,82.07,88.8,89.5,90.5,0.01,0.46,-0.45,NO,0.56,0.42,True
MIA,2026-04-30,KXHIGHMIA-26APR30-B87.5,82.07,88.8,87.5,88.5,0.008,0.32,-0.312,NO,0.7,0.29,True
MIA,2026-05-01,KXHIGHMIA-26MAY01-B88.5,85.0,88.6,88.5,89.5,0.031,0.67,-0.639,NO,0.35,-0.37,False
MIA,2026-05-01,KXHIGHMIA-26MAY01-B86.5,85.0,88.6,86.5,87.5,0.052,0.2,-0.148,NO,0.82,0.17,True
MIA,2026-05-01,KXHIGHMIA-26MAY01-B90.5,85.0,88.6,90.5,91.5,0.007,0.42,-0.413,NO,0.6,0.38,True
MIA,2026-05-02,KXHIGHMIA-26MAY02-B91.5,92.94,93.9,91.5,92.5,0.076,0.35,-0.274,NO,0.67,0.31,True
MIA,2026-05-02,KXHIGHMIA-26MAY02-B93.5,92.94,93.9,93.5,94.5,0.098,0.46,-0.362,NO,0.56,-0.58,False
MIA,2026-05-03,KXHIGHMIA-26MAY03-B85.5,83.29,83.6,85.5,86.5,0.069,0.19,-0.121,NO,0.83,0.16,True
MIA,2026-05-03,KXHIGHMIA-26MAY03-B83.5,83.29,83.6,83.5,84.5,0.082,0.5,-0.418,NO,0.52,-0.54,False
MIA,2026-05-03,KXHIGHMIA-26MAY03-B81.5,83.29,83.6,81.5,82.5,0.094,0.44,-0.346,NO,0.58,0.4,True
MIA,2026-05-04,KXHIGHMIA-26MAY04-B81.5,81.23,80.5,81.5,82.5,0.103,0.29,-0.187,NO,0.73,0.26,True
MIA,2026-05-04,KXHIGHMIA-26MAY04-B85.5,81.23,80.5,85.5,86.5,0.023,0.22,-0.197,NO,0.8,0.19,True
MIA,2026-05-04,KXHIGHMIA-26MAY04-B83.5,81.23,80.5,83.5,84.5,0.069,0.46,-0.391,NO,0.56,0.42,True
MIA,2026-05-05,KXHIGHMIA-26MAY05-B84.5,89.87,84.7,84.5,85.5,0.068,0.28,-0.212,NO,0.74,-0.75,False
MIA,2026-05-05,KXHIGHMIA-26MAY05-B80.5,89.87,84.7,80.5,81.5,0.004,0.11,-0.106,NO,0.91,0.08,True
MIA,2026-05-05,KXHIGHMIA-26MAY05-B86.5,89.87,84.7,86.5,87.5,0.13,0.48,-0.35,NO,0.54,0.44,True
MIA,2026-05-05,KXHIGHMIA-26MAY05-B82.5,89.87,84.7,82.5,83.5,0.022,0.12,-0.098,NO,0.9,0.09,True
MIA,2026-05-06,KXHIGHMIA-26MAY06-B88.5,86.12,86.3,88.5,89.5,0.068,0.63,-0.562,NO,0.39,0.59,True
MIA,2026-05-06,KXHIGHMIA-26MAY06-B90.5,86.12,86.3,90.5,91.5,0.021,0.25,-0.229,NO,0.77,0.22,True
MIA,2026-05-07,KXHIGHMIA-26MAY07-B91.5,90.88,93.6,91.5,92.5,0.096,0.56,-0.464,NO,0.46,0.52,True
MIA,2026-05-07,KXHIGHMIA-26MAY07-B93.5,90.88,93.6,93.5,94.5,0.057,0.14,-0.083,NO,0.88,-0.89,False
MIA,2026-05-07,KXHIGHMIA-26MAY07-B89.5,90.88,93.6,89.5,90.5,0.075,0.22,-0.145,NO,0.8,0.19,True
MIA,2026-05-08,KXHIGHMIA-26MAY08-B92.5,93.28,94.3,92.5,93.5,0.132,0.62,-0.488,NO,0.4,0.58,True
MIA,2026-05-09,KXHIGHMIA-26MAY09-B89.5,88.87,92.4,89.5,90.5,0.096,0.25,-0.154,NO,0.77,0.22,True
MIA,2026-05-09,KXHIGHMIA-26MAY09-B91.5,88.87,92.4,91.5,92.5,0.057,0.53,-0.473,NO,0.49,-0.51,False
MIA,2026-05-09,KXHIGHMIA-26MAY09-B93.5,88.87,92.4,93.5,94.5,0.01,0.37,-0.36,NO,0.65,0.33,True
AUS,2026-04-30,KXHIGHAUS-26APR30-B82.5,71.87,72.2,82.5,83.5,0.0,0.44,-0.44,NO,0.58,0.4,True
AUS,2026-04-30,KXHIGHAUS-26APR30-B76.5,71.87,72.2,76.5,77.5,0.017,0.6,-0.583,NO,0.42,0.56,True
AUS,2026-04-30,KXHIGHAUS-26APR30-B78.5,71.87,72.2,78.5,79.5,0.0,0.55,-0.55,NO,0.47,0.51,True
AUS,2026-04-30,KXHIGHAUS-26APR30-B80.5,71.87,72.2,80.5,81.5,0.0,0.44,-0.44,NO,0.58,0.4,True
AUS,2026-05-01,KXHIGHAUS-26MAY01-B65.5,63.31,65.6,65.5,66.5,0.014,0.31,-0.296,NO,0.71,-0.72,False
AUS,2026-05-01,KXHIGHAUS-26MAY01-B67.5,63.31,65.6,67.5,68.5,0.019,0.22,-0.201,NO,0.8,0.19,True
AUS,2026-05-02,KXHIGHAUS-26MAY02-B75.5,72.21,72.4,75.5,76.5,0.053,0.5,-0.447,NO,0.52,0.46,True
AUS,2026-05-02,KXHIGHAUS-26MAY02-B73.5,72.21,72.4,73.5,74.5,0.016,0.28,-0.264,NO,0.74,0.25,True
AUS,2026-05-03,KXHIGHAUS-26MAY03-B78.5,78.85,76.9,78.5,79.5,0.081,0.6,-0.519,NO,0.42,0.56,True
AUS,2026-05-03,KXHIGHAUS-26MAY03-B80.5,78.85,76.9,80.5,81.5,0.012,0.34,-0.328,NO,0.68,0.3,True
AUS,2026-05-04,KXHIGHAUS-26MAY04-B84.5,78.71,79.6,84.5,85.5,0.001,0.63,-0.629,NO,0.39,0.59,True
AUS,2026-05-04,KXHIGHAUS-26MAY04-B86.5,78.71,79.6,86.5,87.5,0.0,0.31,-0.31,NO,0.71,0.28,True
AUS,2026-05-04,KXHIGHAUS-26MAY04-B82.5,78.71,79.6,82.5,83.5,0.034,0.33,-0.296,NO,0.69,0.3,True
AUS,2026-05-05,KXHIGHAUS-26MAY05-B88.5,85.56,84.3,88.5,89.5,0.051,0.39,-0.339,NO,0.63,0.35,True
AUS,2026-05-05,KXHIGHAUS-26MAY05-B90.5,85.56,84.3,90.5,91.5,0.015,0.26,-0.245,NO,0.76,0.23,True
AUS,2026-05-06,KXHIGHAUS-26MAY06-B88.5,75.59,76.2,88.5,89.5,0.0,0.2,-0.2,NO,0.82,0.17,True
AUS,2026-05-06,KXHIGHAUS-26MAY06-B86.5,75.59,76.2,86.5,87.5,0.0,0.39,-0.39,NO,0.63,0.35,True
AUS,2026-05-07,KXHIGHAUS-26MAY07-B74.5,67.94,67.3,74.5,75.5,0.0,0.14,-0.14,NO,0.88,0.11,True
AUS,2026-05-07,KXHIGHAUS-26MAY07-B72.5,67.94,67.3,72.5,73.5,0.017,0.26,-0.243,NO,0.76,0.23,True
AUS,2026-05-07,KXHIGHAUS-26MAY07-B70.5,67.94,67.3,70.5,71.5,0.032,0.25,-0.218,NO,0.77,0.22,True
AUS,2026-05-08,KXHIGHAUS-26MAY08-B78.5,81.64,77.8,78.5,79.5,0.08,0.29,-0.21,NO,0.73,0.26,True
AUS,2026-05-08,KXHIGHAUS-26MAY08-B76.5,81.64,77.8,76.5,77.5,0.086,0.23,-0.144,NO,0.79,0.2,True
AUS,2026-05-08,KXHIGHAUS-26MAY08-B80.5,81.64,77.8,80.5,81.5,0.116,0.45,-0.334,NO,0.57,0.41,True
AUS,2026-05-09,KXHIGHAUS-26MAY09-B85.5,88.04,87.2,85.5,86.5,0.135,0.25,-0.115,NO,0.77,0.22,True
AUS,2026-05-09,KXHIGHAUS-26MAY09-B87.5,88.04,87.2,87.5,88.5,0.076,0.2,-0.124,NO,0.82,0.17,True
AUS,2026-05-09,KXHIGHAUS-26MAY09-B89.5,88.04,87.2,89.5,90.5,0.013,0.42,-0.407,NO,0.6,0.38,True
NY,2026-05-10,KXHIGHNY-26MAY10-B78.5,75.7,74.8,78.5,79.5,0.061,0.15,-0.089,NO,0.87,0.12,True
NY,2026-05-10,KXHIGHNY-26MAY10-B72.5,75.7,74.8,72.5,73.5,0.056,0.75,-0.694,NO,0.27,0.72,True
NY,2026-05-10,KXHIGHNY-26MAY10-B76.5,75.7,74.8,76.5,77.5,0.1,0.25,-0.15,NO,0.77,0.22,True
NY,2026-05-11,KXHIGHNY-26MAY11-B64.5,61.6,62.7,64.5,65.5,0.065,0.32,-0.255,NO,0.7,0.29,True
NY,2026-05-11,KXHIGHNY-26MAY11-B68.5,61.6,62.7,68.5,69.5,0.0,0.26,-0.26,NO,0.76,0.23,True
NY,2026-05-12,KXHIGHNY-26MAY12-B66.5,66.53,68.2,66.5,67.5,0.112,0.49,-0.378,NO,0.53,0.45,True
NY,2026-05-13,KXHIGHNY-26MAY13-B70.5,73.16,76.5,70.5,71.5,0.068,0.48,-0.412,NO,0.54,0.44,True
NY,2026-05-13,KXHIGHNY-26MAY13-B72.5,73.16,76.5,72.5,73.5,0.145,0.4,-0.255,NO,0.62,0.36,True
NY,2026-05-13,KXHIGHNY-26MAY13-B66.5,73.16,76.5,66.5,67.5,0.035,0.13,-0.095,NO,0.89,0.1,True
NY,2026-05-13,KXHIGHNY-26MAY13-B68.5,73.16,76.5,68.5,69.5,0.074,0.17,-0.096,NO,0.85,0.14,True
NY,2026-05-14,KXHIGHNY-26MAY14-B69.5,61.34,66.3,69.5,70.5,0.0,0.13,-0.13,NO,0.89,0.1,True
NY,2026-05-14,KXHIGHNY-26MAY14-B63.5,61.34,66.3,63.5,64.5,0.03,0.58,-0.55,NO,0.44,0.54,True
NY,2026-05-14,KXHIGHNY-26MAY14-B67.5,61.34,66.3,67.5,68.5,0.018,0.26,-0.242,NO,0.76,0.23,True
NY,2026-05-14,KXHIGHNY-26MAY14-B65.5,61.34,66.3,65.5,66.5,0.064,0.73,-0.666,NO,0.29,-0.3,False
NY,2026-05-15,KXHIGHNY-26MAY15-B65.5,62.26,66.8,65.5,66.5,0.066,0.78,-0.714,NO,0.24,0.75,True
NY,2026-05-15,KXHIGHNY-26MAY15-B69.5,62.26,66.8,69.5,70.5,0.0,0.17,-0.17,NO,0.85,0.14,True
NY,2026-05-17,KXHIGHNY-26MAY17-B83.5,86.71,90.5,83.5,84.5,0.056,0.15,-0.094,NO,0.87,0.12,True
NY,2026-05-17,KXHIGHNY-26MAY17-B87.5,86.71,90.5,87.5,88.5,0.098,0.51,-0.412,NO,0.51,0.47,True
NY,2026-05-17,KXHIGHNY-26MAY17-B89.5,86.71,90.5,89.5,90.5,0.06,0.28,-0.22,NO,0.74,0.25,True
NY,2026-05-18,KXHIGHNY-26MAY18-B81.5,88.8,90.2,81.5,82.5,0.026,0.15,-0.124,NO,0.87,0.12,True
NY,2026-05-18,KXHIGHNY-26MAY18-B83.5,88.8,90.2,83.5,84.5,0.048,0.35,-0.302,NO,0.67,0.31,True
NY,2026-05-19,KXHIGHNY-26MAY19-B93.5,91.58,96.5,93.5,94.5,0.058,0.58,-0.522,NO,0.44,0.54,True
NY,2026-05-19,KXHIGHNY-26MAY19-B95.5,91.58,96.5,95.5,96.5,0.057,0.53,-0.473,NO,0.49,0.49,True
CHI,2026-05-10,KXHIGHCHI-26MAY10-B61.5,64.47,64.7,61.5,62.5,0.098,0.89,-0.792,NO,0.13,0.86,True
CHI,2026-05-10,KXHIGHCHI-26MAY10-B63.5,64.47,64.7,63.5,64.5,0.098,0.47,-0.372,NO,0.55,0.43,True
CHI,2026-05-11,KXHIGHCHI-26MAY11-B57.5,60.4,55.6,57.5,58.5,0.091,0.48,-0.389,NO,0.54,0.44,True
CHI,2026-05-11,KXHIGHCHI-26MAY11-B53.5,60.4,55.6,53.5,54.5,0.017,0.12,-0.103,NO,0.9,0.09,True
CHI,2026-05-12,KXHIGHCHI-26MAY12-B77.5,71.73,73.5,77.5,78.5,0.0,0.42,-0.42,NO,0.6,0.38,True
CHI,2026-05-12,KXHIGHCHI-26MAY12-B75.5,71.73,73.5,75.5,76.5,0.025,0.28,-0.255,NO,0.74,0.25,True
CHI,2026-05-12,KXHIGHCHI-26MAY12-B79.5,71.73,73.5,79.5,80.5,0.0,0.12,-0.12,NO,0.9,0.09,True
CHI,2026-05-12,KXHIGHCHI-26MAY12-B73.5,71.73,73.5,73.5,74.5,0.075,0.78,-0.705,NO,0.24,-0.25,False
CHI,2026-05-13,KXHIGHCHI-26MAY13-B60.5,67.01,66.6,60.5,61.5,0.041,0.42,-0.379,NO,0.6,0.38,True
CHI,2026-05-13,KXHIGHCHI-26MAY13-B64.5,67.01,66.6,64.5,65.5,0.044,0.13,-0.086,NO,0.89,0.1,True
CHI,2026-05-14,KXHIGHCHI-26MAY14-B66.5,64.2,67.2,66.5,67.5,0.074,0.22,-0.146,NO,0.8,-0.81,False
CHI,2026-05-14,KXHIGHCHI-26MAY14-B64.5,64.2,67.2,64.5,65.5,0.068,0.62,-0.552,NO,0.4,0.58,True
CHI,2026-05-14,KXHIGHCHI-26MAY14-B68.5,64.2,67.2,68.5,69.5,0.008,0.2,-0.192,NO,0.82,0.17,True
CHI,2026-05-15,KXHIGHCHI-26MAY15-B75.5,74.38,74.8,75.5,76.5,0.116,0.26,-0.144,NO,0.76,0.23,True
CHI,2026-05-15,KXHIGHCHI-26MAY15-B77.5,74.38,74.8,77.5,78.5,0.025,0.2,-0.175,NO,0.82,0.17,True
CHI,2026-05-15,KXHIGHCHI-26MAY15-B71.5,74.38,74.8,71.5,72.5,0.09,0.27,-0.18,NO,0.75,0.24,True
CHI,2026-05-15,KXHIGHCHI-26MAY15-B73.5,74.38,74.8,73.5,74.5,0.098,0.24,-0.142,NO,0.78,0.21,True
CHI,2026-05-16,KXHIGHCHI-26MAY16-B85.5,80.35,83.2,85.5,86.5,0.0,0.26,-0.26,NO,0.76,0.23,True
CHI,2026-05-16,KXHIGHCHI-26MAY16-B83.5,80.35,83.2,83.5,84.5,0.026,0.4,-0.374,NO,0.62,0.36,True
CHI,2026-05-17,KXHIGHCHI-26MAY17-B84.5,84.98,86.5,84.5,85.5,0.097,0.32,-0.223,NO,0.7,0.29,True
CHI,2026-05-17,KXHIGHCHI-26MAY17-B86.5,84.98,86.5,86.5,87.5,0.076,0.64,-0.564,NO,0.38,-0.4,False
CHI,2026-05-18,KXHIGHCHI-26MAY18-B86.5,82.12,81.0,86.5,87.5,0.005,0.11,-0.105,NO,0.91,0.08,True
CHI,2026-05-18,KXHIGHCHI-26MAY18-B82.5,82.12,81.0,82.5,83.5,0.097,0.24,-0.143,NO,0.78,0.21,True
CHI,2026-05-19,KXHIGHCHI-26MAY19-B80.5,73.92,80.2,80.5,81.5,0.0,0.43,-0.43,NO,0.59,0.39,True
CHI,2026-05-19,KXHIGHCHI-26MAY19-B82.5,73.92,80.2,82.5,83.5,0.0,0.36,-0.36,NO,0.66,0.32,True
CHI,2026-05-19,KXHIGHCHI-26MAY19-B78.5,73.92,80.2,78.5,79.5,0.0,0.73,-0.73,NO,0.29,0.7,True
LAX,2026-05-11,KXHIGHLAX-26MAY11-B75.5,66.6,68.9,75.5,76.5,0.0,0.1,-0.1,NO,0.92,0.07,True
LAX,2026-05-11,KXHIGHLAX-26MAY11-B69.5,66.6,68.9,69.5,70.5,0.054,0.63,-0.576,NO,0.39,0.59,True
LAX,2026-05-12,KXHIGHLAX-26MAY12-B67.5,67.01,65.9,67.5,68.5,0.102,0.61,-0.508,NO,0.41,0.57,True
LAX,2026-05-12,KXHIGHLAX-26MAY12-B65.5,67.01,65.9,65.5,66.5,0.126,0.57,-0.444,NO,0.45,-0.47,False
LAX,2026-05-13,KXHIGHLAX-26MAY13-B63.5,66.82,65.6,63.5,64.5,0.06,0.15,-0.09,NO,0.87,0.12,True
LAX,2026-05-13,KXHIGHLAX-26MAY13-B67.5,66.82,65.6,67.5,68.5,0.069,0.31,-0.241,NO,0.71,0.28,True
LAX,2026-05-13,KXHIGHLAX-26MAY13-B65.5,66.82,65.6,65.5,66.5,0.12,0.22,-0.1,NO,0.8,-0.81,False
LAX,2026-05-14,KXHIGHLAX-26MAY14-B69.5,64.36,67.8,69.5,70.5,0.026,0.57,-0.544,NO,0.45,0.53,True
LAX,2026-05-14,KXHIGHLAX-26MAY14-B67.5,64.36,67.8,67.5,68.5,0.065,0.3,-0.235,NO,0.72,-0.73,False
LAX,2026-05-15,KXHIGHLAX-26MAY15-B69.5,67.92,66.5,69.5,70.5,0.095,0.29,-0.195,NO,0.73,0.26,True
LAX,2026-05-15,KXHIGHLAX-26MAY15-B71.5,67.92,66.5,71.5,72.5,0.064,0.24,-0.176,NO,0.78,0.21,True
LAX,2026-05-15,KXHIGHLAX-26MAY15-B67.5,67.92,66.5,67.5,68.5,0.109,0.8,-0.691,NO,0.22,0.77,True
LAX,2026-05-16,KXHIGHLAX-26MAY16-B65.5,66.71,65.6,65.5,66.5,0.112,0.31,-0.198,NO,0.71,-0.72,False
LAX,2026-05-16,KXHIGHLAX-26MAY16-B71.5,66.71,65.6,71.5,72.5,0.031,0.2,-0.169,NO,0.82,0.17,True
LAX,2026-05-16,KXHIGHLAX-26MAY16-B67.5,66.71,65.6,67.5,68.5,0.067,0.5,-0.433,NO,0.52,0.46,True
LAX,2026-05-16,KXHIGHLAX-26MAY16-B69.5,66.71,65.6,69.5,70.5,0.06,0.66,-0.6,NO,0.36,0.62,True
LAX,2026-05-17,KXHIGHLAX-26MAY17-B68.5,68.3,66.7,68.5,69.5,0.092,0.39,-0.298,NO,0.63,0.35,True
LAX,2026-05-17,KXHIGHLAX-26MAY17-B70.5,68.3,66.7,70.5,71.5,0.069,0.44,-0.371,NO,0.58,0.4,True
LAX,2026-05-18,KXHIGHLAX-26MAY18-B73.5,70.47,70.1,73.5,74.5,0.053,0.23,-0.177,NO,0.79,0.2,True
LAX,2026-05-18,KXHIGHLAX-26MAY18-B71.5,70.47,70.1,71.5,72.5,0.094,0.78,-0.686,NO,0.24,0.75,True
LAX,2026-05-19,KXHIGHLAX-26MAY19-B73.5,78.51,72.1,73.5,74.5,0.057,0.37,-0.313,NO,0.65,0.33,True
LAX,2026-05-19,KXHIGHLAX-26MAY19-B71.5,78.51,72.1,71.5,72.5,0.038,0.3,-0.262,NO,0.72,-0.73,False
LAX,2026-05-20,KXHIGHLAX-26MAY20-B75.5,75.88,78.1,75.5,76.5,0.11,0.26,-0.15,NO,0.76,0.23,True
LAX,2026-05-20,KXHIGHLAX-26MAY20-B73.5,75.88,78.1,73.5,74.5,0.084,0.57,-0.486,NO,0.45,0.53,True
MIA,2026-05-10,KXHIGHMIA-26MAY10-B88.5,87.13,91.5,88.5,89.5,0.06,0.2,-0.14,NO,0.82,0.17,True
MIA,2026-05-10,KXHIGHMIA-26MAY10-B90.5,87.13,91.5,90.5,91.5,0.025,0.6,-0.575,NO,0.42,0.56,True
MIA,2026-05-10,KXHIGHMIA-26MAY10-B92.5,87.13,91.5,92.5,93.5,0.008,0.22,-0.212,NO,0.8,0.19,True
MIA,2026-05-11,KXHIGHMIA-26MAY11-B92.5,89.54,88.3,92.5,93.5,0.049,0.31,-0.261,NO,0.71,0.28,True
MIA,2026-05-11,KXHIGHMIA-26MAY11-B90.5,89.54,88.3,90.5,91.5,0.086,0.57,-0.484,NO,0.45,0.53,True
MIA,2026-05-12,KXHIGHMIA-26MAY12-B85.5,91.56,92.1,85.5,86.5,0.041,0.24,-0.199,NO,0.78,0.21,True
MIA,2026-05-12,KXHIGHMIA-26MAY12-B87.5,91.56,92.1,87.5,88.5,0.06,0.16,-0.1,NO,0.86,0.13,True
MIA,2026-05-12,KXHIGHMIA-26MAY12-B89.5,91.56,92.1,89.5,90.5,0.119,0.69,-0.571,NO,0.33,0.65,True
MIA,2026-05-13,KXHIGHMIA-26MAY13-B87.5,96.28,90.0,87.5,88.5,0.022,0.27,-0.248,NO,0.75,0.24,True
MIA,2026-05-13,KXHIGHMIA-26MAY13-B91.5,96.28,90.0,91.5,92.5,0.07,0.51,-0.44,NO,0.51,0.47,True
MIA,2026-05-13,KXHIGHMIA-26MAY13-B89.5,96.28,90.0,89.5,90.5,0.025,0.53,-0.505,NO,0.49,-0.51,False
MIA,2026-05-14,KXHIGHMIA-26MAY14-B88.5,97.21,92.7,88.5,89.5,0.023,0.15,-0.127,NO,0.87,0.12,True
MIA,2026-05-14,KXHIGHMIA-26MAY14-B90.5,97.21,92.7,90.5,91.5,0.025,0.42,-0.395,NO,0.6,0.38,True
MIA,2026-05-14,KXHIGHMIA-26MAY14-B92.5,97.21,92.7,92.5,93.5,0.074,0.5,-0.426,NO,0.52,-0.54,False
MIA,2026-05-15,KXHIGHMIA-26MAY15-B89.5,93.07,92.6,89.5,90.5,0.122,0.27,-0.148,NO,0.75,0.24,True
MIA,2026-05-15,KXHIGHMIA-26MAY15-B87.5,93.07,92.6,87.5,88.5,0.05,0.15,-0.1,NO,0.87,0.12,True
MIA,2026-05-15,KXHIGHMIA-26MAY15-B91.5,93.07,92.6,91.5,92.5,0.106,0.45,-0.344,NO,0.57,0.41,True
MIA,2026-05-16,KXHIGHMIA-26MAY16-B90.5,93.29,88.3,90.5,91.5,0.13,0.35,-0.22,NO,0.67,0.31,True
MIA,2026-05-16,KXHIGHMIA-26MAY16-B88.5,93.29,88.3,88.5,89.5,0.07,0.54,-0.47,NO,0.48,0.5,True
MIA,2026-05-17,KXHIGHMIA-26MAY17-B89.5,80.43,84.5,89.5,90.5,0.0,0.42,-0.42,NO,0.6,0.38,True
MIA,2026-05-17,KXHIGHMIA-26MAY17-B87.5,80.43,84.5,87.5,88.5,0.034,0.43,-0.396,NO,0.59,0.39,True
MIA,2026-05-18,KXHIGHMIA-26MAY18-B90.5,80.88,83.3,90.5,91.5,0.0,0.1,-0.1,NO,0.92,0.07,True
MIA,2026-05-18,KXHIGHMIA-26MAY18-B88.5,80.88,83.3,88.5,89.5,0.007,0.31,-0.303,NO,0.71,0.28,True
MIA,2026-05-18,KXHIGHMIA-26MAY18-B86.5,80.88,83.3,86.5,87.5,0.007,0.8,-0.793,NO,0.22,0.77,True
MIA,2026-05-19,KXHIGHMIA-26MAY19-B84.5,81.72,83.9,84.5,85.5,0.054,0.28,-0.226,NO,0.74,0.25,True
MIA,2026-05-19,KXHIGHMIA-26MAY19-B86.5,81.72,83.9,86.5,87.5,0.01,0.51,-0.5,NO,0.51,0.47,True
MIA,2026-05-19,KXHIGHMIA-26MAY19-B88.5,81.72,83.9,88.5,89.5,0.035,0.27,-0.235,NO,0.75,0.24,True
AUS,2026-05-10,KXHIGHAUS-26MAY10-B90.5,87.83,88.6,90.5,91.5,0.035,0.26,-0.225,NO,0.76,0.23,True
AUS,2026-05-10,KXHIGHAUS-26MAY10-B92.5,87.83,88.6,92.5,93.5,0.017,0.21,-0.193,NO,0.81,0.18,True
AUS,2026-05-11,KXHIGHAUS-26MAY11-B83.5,76.17,79.4,83.5,84.5,0.0,0.44,-0.44,NO,0.58,0.4,True
AUS,2026-05-11,KXHIGHAUS-26MAY11-B79.5,76.17,79.4,79.5,80.5,0.049,0.51,-0.461,NO,0.51,0.47,True
AUS,2026-05-11,KXHIGHAUS-26MAY11-B81.5,76.17,79.4,81.5,82.5,0.009,0.37,-0.361,NO,0.65,0.33,True
AUS,2026-05-12,KXHIGHAUS-26MAY12-B84.5,85.61,82.9,84.5,85.5,0.113,0.4,-0.287,NO,0.62,0.36,True
AUS,2026-05-12,KXHIGHAUS-26MAY12-B86.5,85.61,82.9,86.5,87.5,0.052,0.46,-0.408,NO,0.56,0.42,True
AUS,2026-05-12,KXHIGHAUS-26MAY12-B82.5,85.61,82.9,82.5,83.5,0.077,0.26,-0.183,NO,0.76,-0.77,False
AUS,2026-05-13,KXHIGHAUS-26MAY13-B92.5,87.63,88.5,92.5,93.5,0.016,0.24,-0.224,NO,0.78,0.21,True
AUS,2026-05-13,KXHIGHAUS-26MAY13-B88.5,87.63,88.5,88.5,89.5,0.053,0.15,-0.097,NO,0.87,-0.88,False
AUS,2026-05-13,KXHIGHAUS-26MAY13-B90.5,87.63,88.5,90.5,91.5,0.047,0.52,-0.473,NO,0.5,0.48,True
AUS,2026-05-14,KXHIGHAUS-26MAY14-B89.5,84.99,89.2,89.5,90.5,0.017,0.36,-0.343,NO,0.66,0.32,True
AUS,2026-05-14,KXHIGHAUS-26MAY14-B91.5,84.99,89.2,91.5,92.5,0.0,0.39,-0.39,NO,0.63,0.35,True
AUS,2026-05-14,KXHIGHAUS-26MAY14-B93.5,84.99,89.2,93.5,94.5,0.0,0.15,-0.15,NO,0.87,0.12,True
AUS,2026-05-15,KXHIGHAUS-26MAY15-B90.5,86.25,90.8,90.5,91.5,0.018,0.29,-0.272,NO,0.73,-0.74,False
AUS,2026-05-15,KXHIGHAUS-26MAY15-B92.5,86.25,90.8,92.5,93.5,0.0,0.49,-0.49,NO,0.53,0.45,True
AUS,2026-05-16,KXHIGHAUS-26MAY16-B91.5,89.14,88.1,91.5,92.5,0.025,0.27,-0.245,NO,0.75,0.24,True
AUS,2026-05-16,KXHIGHAUS-26MAY16-B89.5,89.14,88.1,89.5,90.5,0.08,0.33,-0.25,NO,0.69,0.3,True
AUS,2026-05-17,KXHIGHAUS-26MAY17-B91.5,89.11,88.6,91.5,92.5,0.026,0.23,-0.204,NO,0.79,0.2,True
AUS,2026-05-17,KXHIGHAUS-26MAY17-B93.5,89.11,88.6,93.5,94.5,0.018,0.23,-0.212,NO,0.79,0.2,True
AUS,2026-05-17,KXHIGHAUS-26MAY17-B89.5,89.11,88.6,89.5,90.5,0.078,0.25,-0.172,NO,0.77,0.22,True
AUS,2026-05-18,KXHIGHAUS-26MAY18-B92.5,97.09,91.6,92.5,93.5,0.082,0.3,-0.218,NO,0.72,0.27,True
AUS,2026-05-18,KXHIGHAUS-26MAY18-B90.5,97.09,91.6,90.5,91.5,0.065,0.25,-0.185,NO,0.77,0.22,True
AUS,2026-05-19,KXHIGHAUS-26MAY19-B92.5,100.44,91.0,92.5,93.5,0.052,0.16,-0.108,NO,0.86,0.13,True
AUS,2026-05-19,KXHIGHAUS-26MAY19-B90.5,100.44,91.0,90.5,91.5,0.009,0.25,-0.241,NO,0.77,-0.78,False
AUS,2026-05-19,KXHIGHAUS-26MAY19-B88.5,100.44,91.0,88.5,89.5,0.008,0.25,-0.242,NO,0.77,0.22,True
NY,2026-05-20,KXHIGHNY-26MAY20-B93.5,94.34,92.7,93.5,94.5,0.154,0.33,-0.176,NO,0.69,0.3,True
NY,2026-05-20,KXHIGHNY-26MAY20-B91.5,94.34,92.7,91.5,92.5,0.072,0.66,-0.588,NO,0.36,0.62,True
NY,2026-05-21,KXHIGHNY-26MAY21-B72.5,64.03,69.9,72.5,73.5,0.0,0.1,-0.1,NO,0.92,0.07,True
NY,2026-05-21,KXHIGHNY-26MAY21-B70.5,64.03,69.9,70.5,71.5,0.004,0.35,-0.346,NO,0.67,0.31,True
NY,2026-05-22,KXHIGHNY-26MAY22-B67.5,61.8,69.1,67.5,68.5,0.037,0.66,-0.623,NO,0.36,0.62,True
NY,2026-05-22,KXHIGHNY-26MAY22-B63.5,61.8,69.1,63.5,64.5,0.077,0.16,-0.083,NO,0.86,0.13,True
NY,2026-05-22,KXHIGHNY-26MAY22-B65.5,61.8,69.1,65.5,66.5,0.052,0.58,-0.528,NO,0.44,0.54,True
NY,2026-05-23,KXHIGHNY-26MAY23-B54.5,57.7,57.4,54.5,55.5,0.056,0.3,-0.244,NO,0.72,0.27,True
NY,2026-05-23,KXHIGHNY-26MAY23-B60.5,57.7,57.4,60.5,61.5,0.061,0.18,-0.119,NO,0.84,0.15,True
NY,2026-05-23,KXHIGHNY-26MAY23-B58.5,57.7,57.4,58.5,59.5,0.1,0.3,-0.2,NO,0.72,0.27,True
NY,2026-05-23,KXHIGHNY-26MAY23-B56.5,57.7,57.4,56.5,57.5,0.104,0.8,-0.696,NO,0.22,-0.23,False
NY,2026-05-24,KXHIGHNY-26MAY24-B62.5,54.46,59.3,62.5,63.5,0.0,0.15,-0.15,NO,0.87,0.12,True
NY,2026-05-24,KXHIGHNY-26MAY24-B64.5,54.46,59.3,64.5,65.5,0.0,0.16,-0.16,NO,0.86,0.13,True
NY,2026-05-25,KXHIGHNY-26MAY25-B74.5,74.55,73.6,74.5,75.5,0.115,0.21,-0.095,NO,0.81,0.18,True
NY,2026-05-25,KXHIGHNY-26MAY25-B72.5,74.55,73.6,72.5,73.5,0.059,0.51,-0.451,NO,0.51,0.47,True
NY,2026-05-26,KXHIGHNY-26MAY26-B79.5,80.46,78.8,79.5,80.5,0.153,0.6,-0.447,NO,0.42,0.56,True
NY,2026-05-26,KXHIGHNY-26MAY26-B81.5,80.46,78.8,81.5,82.5,0.131,0.32,-0.189,NO,0.7,0.29,True
NY,2026-05-26,KXHIGHNY-26MAY26-B77.5,80.46,78.8,77.5,78.5,0.063,0.23,-0.167,NO,0.79,0.2,True
NY,2026-05-27,KXHIGHNY-26MAY27-B79.5,84.28,81.6,79.5,80.5,0.06,0.79,-0.73,NO,0.23,0.76,True
NY,2026-05-27,KXHIGHNY-26MAY27-B81.5,84.28,81.6,81.5,82.5,0.071,0.23,-0.159,NO,0.79,-0.8,False
NY,2026-05-27,KXHIGHNY-26MAY27-B83.5,84.28,81.6,83.5,84.5,0.135,0.34,-0.205,NO,0.68,0.3,True
NY,2026-05-28,KXHIGHNY-26MAY28-B76.5,78.1,76.5,76.5,77.5,0.106,0.38,-0.274,NO,0.64,-0.66,False
CHI,2026-05-20,KXHIGHCHI-26MAY20-B57.5,62.22,60.3,57.5,58.5,0.174,0.28,-0.106,NO,0.74,0.25,True
CHI,2026-05-20,KXHIGHCHI-26MAY20-B61.5,62.22,60.3,61.5,62.5,0.098,0.86,-0.762,NO,0.16,0.83,True
CHI,2026-05-20,KXHIGHCHI-26MAY20-B59.5,62.22,60.3,59.5,60.5,0.074,0.39,-0.316,NO,0.63,-0.65,False
CHI,2026-05-21,KXHIGHCHI-26MAY21-B60.5,54.89,58.3,60.5,61.5,0.0,0.41,-0.41,NO,0.61,0.37,True
CHI,2026-05-22,KXHIGHCHI-26MAY22-B70.5,61.88,66.4,70.5,71.5,0.0,0.1,-0.1,NO,0.92,0.07,True
CHI,2026-05-22,KXHIGHCHI-26MAY22-B64.5,61.88,66.4,64.5,65.5,0.04,0.15,-0.11,NO,0.87,0.12,True
CHI,2026-05-22,KXHIGHCHI-26MAY22-B66.5,61.88,66.4,66.5,67.5,0.0,0.25,-0.25,NO,0.77,0.22,True
CHI,2026-05-22,KXHIGHCHI-26MAY22-B68.5,61.88,66.4,68.5,69.5,0.0,0.21,-0.21,NO,0.81,0.18,True
CHI,2026-05-23,KXHIGHCHI-26MAY23-B73.5,69.24,72.7,73.5,74.5,0.009,0.19,-0.181,NO,0.83,0.16,True
CHI,2026-05-23,KXHIGHCHI-26MAY23-B67.5,69.24,72.7,67.5,68.5,0.088,0.19,-0.102,NO,0.83,0.16,True
CHI,2026-05-23,KXHIGHCHI-26MAY23-B69.5,69.24,72.7,69.5,70.5,0.065,0.61,-0.545,NO,0.41,0.57,True
CHI,2026-05-24,KXHIGHCHI-26MAY24-B74.5,75.24,76.2,74.5,75.5,0.098,0.41,-0.312,NO,0.61,0.37,True
CHI,2026-05-24,KXHIGHCHI-26MAY24-B78.5,75.24,76.2,78.5,79.5,0.028,0.22,-0.192,NO,0.8,0.19,True
CHI,2026-05-24,KXHIGHCHI-26MAY24-B72.5,75.24,76.2,72.5,73.5,0.074,0.17,-0.096,NO,0.85,0.14,True
CHI,2026-05-24,KXHIGHCHI-26MAY24-B76.5,75.24,76.2,76.5,77.5,0.09,0.51,-0.42,NO,0.51,0.47,True
CHI,2026-05-25,KXHIGHCHI-26MAY25-B84.5,90.2,87.3,84.5,85.5,0.065,0.64,-0.575,NO,0.38,0.6,True
CHI,2026-05-25,KXHIGHCHI-26MAY25-B86.5,90.2,87.3,86.5,87.5,0.099,0.19,-0.091,NO,0.83,-0.84,False
CHI,2026-05-26,KXHIGHCHI-26MAY26-B87.5,84.79,87.6,87.5,88.5,0.037,0.2,-0.163,NO,0.82,-0.83,False
CHI,2026-05-26,KXHIGHCHI-26MAY26-B85.5,84.79,87.6,85.5,86.5,0.105,0.51,-0.405,NO,0.51,0.47,True
CHI,2026-05-26,KXHIGHCHI-26MAY26-B83.5,84.79,87.6,83.5,84.5,0.101,0.26,-0.159,NO,0.76,0.23,True
CHI,2026-05-27,KXHIGHCHI-26MAY27-B81.5,85.85,84.4,81.5,82.5,0.178,0.74,-0.562,NO,0.28,0.71,True
CHI,2026-05-27,KXHIGHCHI-26MAY27-B83.5,85.85,84.4,83.5,84.5,0.068,0.46,-0.392,NO,0.56,-0.58,False
CHI,2026-05-28,KXHIGHCHI-26MAY28-B68.5,69.5,72.1,68.5,69.5,0.107,0.2,-0.093,NO,0.82,0.17,True
CHI,2026-05-28,KXHIGHCHI-26MAY28-B70.5,69.5,72.1,70.5,71.5,0.118,0.58,-0.462,NO,0.44,0.54,True
CHI,2026-05-28,KXHIGHCHI-26MAY28-B72.5,69.5,72.1,72.5,73.5,0.025,0.46,-0.435,NO,0.56,0.42,True
LAX,2026-05-21,KXHIGHLAX-26MAY21-B70.5,67.5,73.2,70.5,71.5,0.053,0.48,-0.427,NO,0.54,0.44,True
LAX,2026-05-21,KXHIGHLAX-26MAY21-B74.5,67.5,73.2,74.5,75.5,0.007,0.35,-0.343,NO,0.67,0.31,True
LAX,2026-05-21,KXHIGHLAX-26MAY21-B72.5,67.5,73.2,72.5,73.5,0.028,0.66,-0.632,NO,0.36,-0.38,False
LAX,2026-05-22,KXHIGHLAX-26MAY22-B64.5,64.42,65.9,64.5,65.5,0.093,0.2,-0.107,NO,0.82,0.17,True
LAX,2026-05-22,KXHIGHLAX-26MAY22-B70.5,64.42,65.9,70.5,71.5,0.019,0.12,-0.101,NO,0.9,0.09,True
LAX,2026-05-22,KXHIGHLAX-26MAY22-B68.5,64.42,65.9,68.5,69.5,0.058,0.44,-0.382,NO,0.58,0.4,True
LAX,2026-05-22,KXHIGHLAX-26MAY22-B66.5,64.42,65.9,66.5,67.5,0.071,0.32,-0.249,NO,0.7,0.29,True
LAX,2026-05-23,KXHIGHLAX-26MAY23-B65.5,72.89,65.4,65.5,66.5,0.04,0.24,-0.2,NO,0.78,0.21,True
LAX,2026-05-23,KXHIGHLAX-26MAY23-B63.5,72.89,65.4,63.5,64.5,0.0,0.2,-0.2,NO,0.82,0.17,True
LAX,2026-05-23,KXHIGHLAX-26MAY23-B67.5,72.89,65.4,67.5,68.5,0.078,0.81,-0.732,NO,0.21,0.78,True
LAX,2026-05-24,KXHIGHLAX-26MAY24-B64.5,64.94,64.3,64.5,65.5,0.108,0.2,-0.092,NO,0.82,0.17,True
LAX,2026-05-24,KXHIGHLAX-26MAY24-B66.5,64.94,64.3,66.5,67.5,0.095,0.49,-0.395,NO,0.53,0.45,True
LAX,2026-05-24,KXHIGHLAX-26MAY24-B68.5,64.94,64.3,68.5,69.5,0.067,0.43,-0.363,NO,0.59,0.39,True
LAX,2026-05-24,KXHIGHLAX-26MAY24-B62.5,64.94,64.3,62.5,63.5,0.082,0.2,-0.118,NO,0.82,0.17,True
LAX,2026-05-25,KXHIGHLAX-26MAY25-B69.5,71.32,65.5,69.5,70.5,0.116,0.76,-0.644,NO,0.26,0.73,True
LAX,2026-05-25,KXHIGHLAX-26MAY25-B65.5,71.32,65.5,65.5,66.5,0.081,0.21,-0.129,NO,0.81,-0.82,False
LAX,2026-05-25,KXHIGHLAX-26MAY25-B67.5,71.32,65.5,67.5,68.5,0.072,0.3,-0.228,NO,0.72,0.27,True
LAX,2026-05-26,KXHIGHLAX-26MAY26-B68.5,65.09,65.7,68.5,69.5,0.08,0.68,-0.6,NO,0.34,0.64,True
LAX,2026-05-26,KXHIGHLAX-26MAY26-B66.5,65.09,65.7,66.5,67.5,0.089,0.59,-0.501,NO,0.43,0.55,True
LAX,2026-05-27,KXHIGHLAX-26MAY27-B66.5,68.69,64.4,66.5,67.5,0.098,0.3,-0.202,NO,0.72,0.27,True
LAX,2026-05-27,KXHIGHLAX-26MAY27-B64.5,68.69,64.4,64.5,65.5,0.066,0.19,-0.124,NO,0.83,0.16,True
LAX,2026-05-27,KXHIGHLAX-26MAY27-B68.5,68.69,64.4,68.5,69.5,0.11,0.58,-0.47,NO,0.44,0.54,True
LAX,2026-05-28,KXHIGHLAX-26MAY28-B69.5,68.85,65.7,69.5,70.5,0.07,0.17,-0.1,NO,0.85,0.14,True
LAX,2026-05-28,KXHIGHLAX-26MAY28-B67.5,68.85,65.7,67.5,68.5,0.121,0.75,-0.629,NO,0.27,0.72,True
LAX,2026-05-28,KXHIGHLAX-26MAY28-B71.5,68.85,65.7,71.5,72.5,0.068,0.2,-0.132,NO,0.82,0.17,True
MIA,2026-05-20,KXHIGHMIA-26MAY20-B88.5,84.78,85.6,88.5,89.5,0.031,0.61,-0.579,NO,0.41,0.57,True
MIA,2026-05-20,KXHIGHMIA-26MAY20-B86.5,84.78,85.6,86.5,87.5,0.043,0.19,-0.147,NO,0.83,0.16,True
MIA,2026-05-21,KXHIGHMIA-26MAY21-B87.5,85.54,86.9,87.5,88.5,0.045,0.38,-0.335,NO,0.64,0.34,True
MIA,2026-05-21,KXHIGHMIA-26MAY21-B85.5,85.54,86.9,85.5,86.5,0.098,0.25,-0.152,NO,0.77,0.22,True
MIA,2026-05-21,KXHIGHMIA-26MAY21-B89.5,85.54,86.9,89.5,90.5,0.028,0.58,-0.552,NO,0.44,0.54,True
MIA,2026-05-21,KXHIGHMIA-26MAY21-B91.5,85.54,86.9,91.5,92.5,0.009,0.19,-0.181,NO,0.83,0.16,True
MIA,2026-05-22,KXHIGHMIA-26MAY22-B91.5,88.54,85.7,91.5,92.5,0.049,0.2,-0.151,NO,0.82,0.17,True
MIA,2026-05-22,KXHIGHMIA-26MAY22-B89.5,88.54,85.7,89.5,90.5,0.086,0.67,-0.584,NO,0.35,0.63,True
MIA,2026-05-23,KXHIGHMIA-26MAY23-B91.5,85.64,86.0,91.5,92.5,0.008,0.2,-0.192,NO,0.82,0.17,True
MIA,2026-05-23,KXHIGHMIA-26MAY23-B85.5,85.64,86.0,85.5,86.5,0.098,0.55,-0.452,NO,0.47,-0.49,False
MIA,2026-05-23,KXHIGHMIA-26MAY23-B87.5,85.64,86.0,87.5,88.5,0.043,0.18,-0.137,NO,0.84,0.15,True
MIA,2026-05-23,KXHIGHMIA-26MAY23-B89.5,85.64,86.0,89.5,90.5,0.029,0.65,-0.621,NO,0.37,0.61,True
MIA,2026-05-24,KXHIGHMIA-26MAY24-B85.5,83.52,85.7,85.5,86.5,0.045,0.13,-0.085,NO,0.89,-0.9,False
MIA,2026-05-24,KXHIGHMIA-26MAY24-B87.5,83.52,85.7,87.5,88.5,0.028,0.4,-0.372,NO,0.62,0.36,True
MIA,2026-05-24,KXHIGHMIA-26MAY24-B89.5,83.52,85.7,89.5,90.5,0.009,0.52,-0.511,NO,0.5,0.48,True
MIA,2026-05-25,KXHIGHMIA-26MAY25-B87.5,84.37,86.5,87.5,88.5,0.025,0.35,-0.325,NO,0.67,0.31,True
MIA,2026-05-25,KXHIGHMIA-26MAY25-B89.5,84.37,86.5,89.5,90.5,0.008,0.7,-0.692,NO,0.32,0.66,True
MIA,2026-05-26,KXHIGHMIA-26MAY26-B88.5,87.42,86.6,88.5,89.5,0.084,0.53,-0.446,NO,0.49,0.49,True
MIA,2026-05-26,KXHIGHMIA-26MAY26-B90.5,87.42,86.6,90.5,91.5,0.026,0.36,-0.334,NO,0.66,0.32,True
MIA,2026-05-27,KXHIGHMIA-26MAY27-B87.5,91.94,86.4,87.5,88.5,0.045,0.37,-0.325,NO,0.65,0.33,True
MIA,2026-05-27,KXHIGHMIA-26MAY27-B91.5,91.94,86.4,91.5,92.5,0.139,0.43,-0.291,NO,0.59,0.39,True
MIA,2026-05-27,KXHIGHMIA-26MAY27-B89.5,91.94,86.4,89.5,90.5,0.141,0.62,-0.479,NO,0.4,0.58,True
MIA,2026-05-28,KXHIGHMIA-26MAY28-B89.5,84.08,84.1,89.5,90.5,0.008,0.36,-0.352,NO,0.66,0.32,True
MIA,2026-05-28,KXHIGHMIA-26MAY28-B85.5,84.08,84.1,85.5,86.5,0.059,0.46,-0.401,NO,0.56,0.42,True
MIA,2026-05-28,KXHIGHMIA-26MAY28-B87.5,84.08,84.1,87.5,88.5,0.025,0.28,-0.255,NO,0.74,0.25,True
AUS,2026-05-20,KXHIGHAUS-26MAY20-B82.5,85.76,85.5,82.5,83.5,0.081,0.25,-0.169,NO,0.77,0.22,True
AUS,2026-05-20,KXHIGHAUS-26MAY20-B86.5,85.76,85.5,86.5,87.5,0.057,0.28,-0.223,NO,0.74,0.25,True
AUS,2026-05-20,KXHIGHAUS-26MAY20-B84.5,85.76,85.5,84.5,85.5,0.093,0.28,-0.187,NO,0.74,0.25,True
AUS,2026-05-20,KXHIGHAUS-26MAY20-B88.5,85.76,85.5,88.5,89.5,0.038,0.2,-0.162,NO,0.82,0.17,True
AUS,2026-05-21,KXHIGHAUS-26MAY21-B83.5,85.92,81.6,83.5,84.5,0.116,0.39,-0.274,NO,0.63,0.35,True
AUS,2026-05-21,KXHIGHAUS-26MAY21-B79.5,85.92,81.6,79.5,80.5,0.064,0.32,-0.256,NO,0.7,0.29,True
AUS,2026-05-21,KXHIGHAUS-26MAY21-B81.5,85.92,81.6,81.5,82.5,0.145,0.32,-0.175,NO,0.7,-0.71,False
AUS,2026-05-21,KXHIGHAUS-26MAY21-B77.5,85.92,81.6,77.5,78.5,0.023,0.25,-0.227,NO,0.77,0.22,True
AUS,2026-05-22,KXHIGHAUS-26MAY22-B87.5,87.66,80.8,87.5,88.5,0.052,0.4,-0.348,NO,0.62,0.36,True
AUS,2026-05-22,KXHIGHAUS-26MAY22-B91.5,87.66,80.8,91.5,92.5,0.03,0.24,-0.21,NO,0.78,0.21,True
AUS,2026-05-22,KXHIGHAUS-26MAY22-B89.5,87.66,80.8,89.5,90.5,0.011,0.33,-0.319,NO,0.69,0.3,True
AUS,2026-05-23,KXHIGHAUS-26MAY23-B85.5,82.37,83.3,85.5,86.5,0.053,0.25,-0.197,NO,0.77,0.22,True
AUS,2026-05-23,KXHIGHAUS-26MAY23-B83.5,82.37,83.3,83.5,84.5,0.022,0.34,-0.318,NO,0.68,0.3,True
AUS,2026-05-23,KXHIGHAUS-26MAY23-B81.5,82.37,83.3,81.5,82.5,0.088,0.2,-0.112,NO,0.82,0.17,True
AUS,2026-05-24,KXHIGHAUS-26MAY24-B84.5,91.82,86.9,84.5,85.5,0.07,0.16,-0.09,NO,0.86,0.13,True
AUS,2026-05-24,KXHIGHAUS-26MAY24-B82.5,91.82,86.9,82.5,83.5,0.012,0.25,-0.238,NO,0.77,0.22,True
AUS,2026-05-24,KXHIGHAUS-26MAY24-B80.5,91.82,86.9,80.5,81.5,0.007,0.1,-0.093,NO,0.92,0.07,True
AUS,2026-05-24,KXHIGHAUS-26MAY24-B86.5,91.82,86.9,86.5,87.5,0.089,0.25,-0.161,NO,0.77,-0.78,False
AUS,2026-05-25,KXHIGHAUS-26MAY25-B87.5,88.59,88.8,87.5,88.5,0.112,0.2,-0.088,NO,0.82,0.17,True
AUS,2026-05-25,KXHIGHAUS-26MAY25-B89.5,88.59,88.8,89.5,90.5,0.052,0.23,-0.178,NO,0.79,0.2,True
AUS,2026-05-25,KXHIGHAUS-26MAY25-B91.5,88.59,88.8,91.5,92.5,0.05,0.22,-0.17,NO,0.8,0.19,True
AUS,2026-05-26,KXHIGHAUS-26MAY26-B89.5,91.31,86.4,89.5,90.5,0.112,0.49,-0.378,NO,0.53,0.45,True
AUS,2026-05-26,KXHIGHAUS-26MAY26-B87.5,91.31,86.4,87.5,88.5,0.121,0.31,-0.189,NO,0.71,0.28,True
AUS,2026-05-27,KXHIGHAUS-26MAY27-B85.5,76.55,78.3,85.5,86.5,0.0,0.28,-0.28,NO,0.74,0.25,True
AUS,2026-05-27,KXHIGHAUS-26MAY27-B81.5,76.55,78.3,81.5,82.5,0.015,0.18,-0.165,NO,0.84,0.15,True
AUS,2026-05-27,KXHIGHAUS-26MAY27-B87.5,76.55,78.3,87.5,88.5,0.0,0.16,-0.16,NO,0.86,0.13,True
AUS,2026-05-27,KXHIGHAUS-26MAY27-B83.5,76.55,78.3,83.5,84.5,0.0,0.25,-0.25,NO,0.77,0.22,True
AUS,2026-05-28,KXHIGHAUS-26MAY28-B90.5,85.83,91.2,90.5,91.5,0.017,0.26,-0.243,NO,0.76,-0.77,False
AUS,2026-05-28,KXHIGHAUS-26MAY28-B88.5,85.83,91.2,88.5,89.5,0.035,0.25,-0.215,NO,0.77,0.22,True
AUS,2026-05-28,KXHIGHAUS-26MAY28-B92.5,85.83,91.2,92.5,93.5,0.0,0.2,-0.2,NO,0.82,0.17,True
